Year,State,County,fcst
2017,CT,Fairfield,441
2017,CT,Hartford,287
2017,CT,Litchfield,74
2017,CT,Middlesex,105
2017,CT,New Haven,274
2017,CT,New London,92
2017,CT,Tolland,81
2017,CT,Windham,61
2019,MI,Allegan,39
2019,MI,Antrim,8
2019,MI,Baraga,1
2019,MI,Barry,19
2019,MI,Bay,53
2019,MI,Benzie,4
2019,MI,Berrien,43
2019,MI,Branch,3
2019,MI,Calhoun,34
2019,MI,Cass,8
2019,MI,Charlevoix,7
2019,MI,Cheboygan,8
2019,MI,Chippewa,3
2019,MI,Clare,4
2019,MI,Clinton,49
2019,MI,Delta,10
2019,MI,Dickinson,5
2019,MI,Eaton,93
2019,MI,Emmet,18
2019,MI,Genesee,302
2019,MI,Gogebic,0
2019,MI,Grand Traverse,32
2019,MI,Gratiot,7
2019,MI,Hillsdale,11
2019,MI,Houghton,10
2019,MI,Huron,5
2019,MI,Ingham,254
2019,MI,Ionia,11
2019,MI,Iosco,13
2019,MI,Iron,0
2019,MI,Isabella,15
2019,MI,Jackson,100
2019,MI,Kalamazoo,149
2019,MI,Kalkaska,2
2019,MI,Kent,305
2019,MI,Lake,2
2019,MI,Lapeer,49
2019,MI,Leelanau,14
2019,MI,Lenawee,36
2019,MI,Livingston,169
2019,MI,Mackinac,4
2019,MI,Macomb,434
2019,MI,Manistee,4
2019,MI,Marquette,8
2019,MI,Mason,5
2019,MI,Mecosta,15
2019,MI,Midland,60
2019,MI,Monroe,54
2019,MI,Montcalm,9
2019,MI,Montmorency,2
2019,MI,Muskegon,29
2019,MI,Newaygo,12
2019,MI,Oakland,1589
2019,MI,Oceana,4
2019,MI,Ogemaw,1
2019,MI,Osceola,5
2019,MI,Otsego,3
2019,MI,Ottawa,175
2019,MI,Presque Isle,2
2019,MI,Roscommon,6
2019,MI,Saginaw,76
2019,MI,St. Clair,42
2019,MI,Sanilac,5
2019,MI,Shiawassee,53
2019,MI,Van Buren,33
2019,MI,Washtenaw,558
2019,MI,Wayne,694
2019,MI,Wexford,11
2020,NJ,Atlantic,48
2020,NJ,Bergen,223
2020,NJ,Burlington,158
2020,NJ,Camden,115
2020,NJ,Cape May,22
2020,NJ,Cumberland,11
2020,NJ,Essex,225
2020,NJ,Gloucester,65
2020,NJ,Hudson,57
2020,NJ,Hunterdon,80
2020,NJ,Mercer,217
2020,NJ,Middlesex,208
2020,NJ,Monmouth,245
2020,NJ,Morris,200
2020,NJ,Ocean,215
2020,NJ,Passaic,91
2020,NJ,Salem,15
2020,NJ,Somerset,190
2020,NJ,Sussex,67
2020,NJ,Union,141
2020,NJ,Warren,31
2020,NY,Albany,179
2020,NY,Allegany,11
2020,NY,Bronx,35
2020,NY,Broome,84
2020,NY,Cattaraugus,17
2020,NY,Cayuga,24
2020,NY,Chautauqua,42
2020,NY,Chemung,34
2020,NY,Chenango,18
2020,NY,Clinton,21
2020,NY,Columbia,40
2020,NY,Cortland,27
2020,NY,Delaware,9
2020,NY,Dutchess,155
2020,NY,Erie,467
2020,NY,Essex,29
2020,NY,Franklin,11
2020,NY,Fulton,14
2020,NY,Genesee,22
2020,NY,Greene,20
2020,NY,Hamilton,1
2020,NY,Herkimer,8
2020,NY,Jefferson,14
2020,NY,Kings,142
2020,NY,Lewis,0
2020,NY,Livingston,48
2020,NY,Madison,28
2020,NY,Monroe,878
2020,NY,Montgomery,17
2020,NY,Nassau,302
2020,NY,New York,267
2020,NY,Niagara,141
2020,NY,Oneida,69
2020,NY,Onondaga,198
2020,NY,Ontario,101
2020,NY,Orange,99
2020,NY,Orleans,18
2020,NY,Oswego,37
2020,NY,Otsego,24
2020,NY,Putnam,35
2020,NY,Queens,367
2020,NY,Rensselaer,92
2020,NY,Richmond,40
2020,NY,Rockland,86
2020,NY,St. Lawrence,28
2020,NY,Saratoga,126
2020,NY,Schenectady,100
2020,NY,Schoharie,25
2020,NY,Schuyler,15
2020,NY,Seneca,12
2020,NY,Steuben,34
2020,NY,Suffolk,544
2020,NY,Sullivan,23
2020,NY,Tioga,24
2020,NY,Tompkins,232
2020,NY,Ulster,156
2020,NY,Warren,35
2020,NY,Washington,31
2020,NY,Wayne,72
2020,NY,Westchester,387
2020,NY,Wyoming,6
2020,NY,Yates,18
2020,VT,Addison,47
2020,VT,Bennington,32
2020,VT,Caledonia,17
2020,VT,Chittenden,235
2020,VT,Franklin,18
2020,VT,Lamoille,15
2020,VT,Orange,26
2020,VT,Orleans,16
2020,VT,Rutland,64
2020,VT,Washington,113
2020,VT,Windham,63
2020,VT,Windsor,101
2020,MN,Anoka,263
2020,MN,Becker,9
2020,MN,Beltrami,17
2020,MN,Blue Earth,24
2020,MN,Brown,12
2020,MN,Carlton,6
2020,MN,Carver,62
2020,MN,Cass,10
2020,MN,Chippewa,3
2020,MN,Chisago,27
2020,MN,Clay,18
2020,MN,Cook,6
2020,MN,Crow Wing,20
2020,MN,Dakota,319
2020,MN,Douglas,20
2020,MN,Fillmore,7
2020,MN,Freeborn,11
2020,MN,Goodhue,23
2020,MN,Hennepin,1114
2020,MN,Hubbard,8
2020,MN,Isanti,12
2020,MN,Itasca,8
2020,MN,Kanabec,3
2020,MN,Kandiyohi,14
2020,MN,Lake,9
2020,MN,Lyon,4
2020,MN,McLeod,14
2020,MN,Martin,1
2020,MN,Morrison,14
2020,MN,Mower,12
2020,MN,Nicollet,12
2020,MN,Nobles,0
2020,MN,Olmsted,107
2020,MN,Otter Tail,24
2020,MN,Pine,8
2020,MN,Pipestone,0
2020,MN,Ramsey,624
2020,MN,Redwood,4
2020,MN,Renville,0
2020,MN,Rice,47
2020,MN,Rock,1
2020,MN,St. Louis,70
2020,MN,Scott,93
2020,MN,Sherburne,57
2020,MN,Stearns,80
2020,MN,Steele,18
2020,MN,Stevens,11
2020,MN,Todd,7
2020,MN,Wadena,5
2020,MN,Washington,262
2020,MN,Winona,22
2020,MN,Wright,79
2020,WI,Barron,4
2020,WI,Bayfield,2
2020,WI,Brown,56
2020,WI,Calumet,4
2020,WI,Chippewa,15
2020,WI,Dane,293
2020,WI,Dodge,15
2020,WI,Door,6
2020,WI,Dunn,3
2020,WI,Eau Claire,21
2020,WI,Florence,1
2020,WI,Fond du Lac,17
2020,WI,Grant,12
2020,WI,Green,6
2020,WI,Green Lake,0
2020,WI,Jefferson,11
2020,WI,Juneau,8
2020,WI,Kenosha,40
2020,WI,La Crosse,30
2020,WI,Manitowoc,13
2020,WI,Marathon,13
2020,WI,Marinette,12
2020,WI,Milwaukee,131
2020,WI,Monroe,11
2020,WI,Oneida,2
2020,WI,Outagamie,62
2020,WI,Ozaukee,18
2020,WI,Pierce,16
2020,WI,Polk,5
2020,WI,Portage,12
2020,WI,Price,1
2020,WI,Racine,30
2020,WI,Richland,2
2020,WI,Rock,44
2020,WI,Rusk,4
2020,WI,St. Croix,18
2020,WI,Sauk,17
2020,WI,Sawyer,1
2020,WI,Sheboygan,29
2020,WI,Vernon,11
2020,WI,Walworth,24
2020,WI,Washington,26
2020,WI,Waukesha,100
2020,WI,Winnebago,69
2020,WI,Wood,14
2020,FL,Alachua,109
2020,FL,Bay,36
2020,FL,Brevard,341
2020,FL,Broward,532
2020,FL,Charlotte,72
2020,FL,Citrus,46
2020,FL,Clay,76
2020,FL,Collier,96
2020,FL,Columbia,10
2020,FL,Duval,263
2020,FL,Escambia,77
2020,FL,Flagler,50
2020,FL,Franklin,6
2020,FL,Hamilton,1
2020,FL,Hendry,9
2020,FL,Hernando,60
2020,FL,Highlands,27
2020,FL,Hillsborough,545
2020,FL,Indian River,38
2020,FL,Jackson,5
2020,FL,Jefferson,5
2020,FL,Lake,181
2020,FL,Lee,264
2020,FL,Leon,155
2020,FL,Manatee,168
2020,FL,Marion,97
2020,FL,Martin,45
2020,FL,Miami-Dade,460
2020,FL,Monroe,30
2020,FL,Nassau,19
2020,FL,Okaloosa,40
2020,FL,Okeechobee,4
2020,FL,Orange,627
2020,FL,Osceola,166
2020,FL,Palm Beach,528
2020,FL,Pasco,260
2020,FL,Pinellas,746
2020,FL,Polk,181
2020,FL,Putnam,10
2020,FL,St. Johns,108
2020,FL,St. Lucie,86
2020,FL,Santa Rosa,56
2020,FL,Sarasota,231
2020,FL,Seminole,255
2020,FL,Sumter,35
2020,FL,Suwannee,2
2020,FL,Taylor,0
2020,FL,Volusia,162
2020,FL,Wakulla,9
2020,FL,Walton,19
2020,FL,Washington,0
2020,TN,Anderson,23
2020,TN,Bedford,15
2020,TN,Blount,38
2020,TN,Bradley,11
2020,TN,Carter,3
2020,TN,Cheatham,11
2020,TN,Cocke,7
2020,TN,Coffee,11
2020,TN,Cumberland,18
2020,TN,Davidson,240
2020,TN,DeKalb,5
2020,TN,Dickson,6
2020,TN,Dyer,1
2020,TN,Fentress,2
2020,TN,Franklin,5
2020,TN,Greene,6
2020,TN,Hamblen,6
2020,TN,Hamilton,90
2020,TN,Hardin,3
2020,TN,Hawkins,1
2020,TN,Henry,1
2020,TN,Jackson,2
2020,TN,Jefferson,11
2020,TN,Knox,215
2020,TN,Lawrence,6
2020,TN,Loudon,12
2020,TN,McMinn,12
2020,TN,Macon,4
2020,TN,Madison,8
2020,TN,Marshall,6
2020,TN,Maury,14
2020,TN,Montgomery,47
2020,TN,Overton,0
2020,TN,Perry,1
2020,TN,Polk,2
2020,TN,Putnam,19
2020,TN,Rhea,0
2020,TN,Roane,9
2020,TN,Rutherford,57
2020,TN,Scott,1
2020,TN,Sevier,29
2020,TN,Shelby,155
2020,TN,Smith,3
2020,TN,Stewart,1
2020,TN,Sullivan,24
2020,TN,Sumner,45
2020,TN,Unicoi,2
2020,TN,Van Buren,0
2020,TN,Warren,3
2020,TN,Washington,31
2020,TN,Weakley,2
2020,TN,White,2
2020,TN,Williamson,124
2020,TN,Wilson,50
2020,TX,Anderson,3
2020,TX,Angelina,2
2020,TX,Aransas,1
2020,TX,Austin,1
2020,TX,Bandera,3
2020,TX,Bastrop,21
2020,TX,Bell,42
2020,TX,Bexar,205
2020,TX,Blanco,5
2020,TX,Bowie,3
2020,TX,Brazoria,33
2020,TX,Brazos,12
2020,TX,Burnet,9
2020,TX,Calhoun,0
2020,TX,Cameron,13
2020,TX,Collin,204
2020,TX,Colorado,0
2020,TX,Comal,31
2020,TX,Coryell,3
2020,TX,Crockett,0
2020,TX,Culberson,0
2020,TX,Dallas,295
2020,TX,Denton,142
2020,TX,DeWitt,0
2020,TX,Dickens,0
2020,TX,Eastland,0
2020,TX,Ellis,20
2020,TX,El Paso,74
2020,TX,Fayette,2
2020,TX,Fort Bend,71
2020,TX,Galveston,31
2020,TX,Gillespie,4
2020,TX,Gonzales,0
2020,TX,Grayson,14
2020,TX,Gregg,12
2020,TX,Grimes,1
2020,TX,Guadalupe,24
2020,TX,Hamilton,1
2020,TX,Hardin,1
2020,TX,Harris,349
2020,TX,Harrison,3
2020,TX,Hays,67
2020,TX,Henderson,2
2020,TX,Hidalgo,31
2020,TX,Hill,0
2020,TX,Hood,5
2020,TX,Hopkins,0
2020,TX,Hunt,5
2020,TX,Jackson,0
2020,TX,Jasper,1
2020,TX,Jefferson,10
2020,TX,Johnson,14
2020,TX,Kaufman,24
2020,TX,Kendall,6
2020,TX,Kerr,8
2020,TX,Kleberg,3
2020,TX,Lampasas,3
2020,TX,Lee,1
2020,TX,Leon,1
2020,TX,Llano,3
2020,TX,Lubbock,15
2020,TX,McLennan,17
2020,TX,Matagorda,2
2020,TX,Maverick,1
2020,TX,Midland,6
2020,TX,Montgomery,58
2020,TX,Moore,0
2020,TX,Nacogdoches,3
2020,TX,Navarro,3
2020,TX,Nolan,2
2020,TX,Nueces,12
2020,TX,Ochiltree,0
2020,TX,Orange,3
2020,TX,Parker,13
2020,TX,Pecos,0
2020,TX,Polk,2
2020,TX,Potter,5
2020,TX,Presidio,0
2020,TX,Randall,10
2020,TX,Real,0
2020,TX,Reeves,0
2020,TX,Rockwall,13
2020,TX,Runnels,0
2020,TX,San Patricio,4
2020,TX,Smith,15
2020,TX,Tarrant,252
2020,TX,Taylor,8
2020,TX,Titus,0
2020,TX,Tom Green,7
2020,TX,Travis,477
2020,TX,Uvalde,0
2020,TX,Val Verde,4
2020,TX,Van Zandt,2
2020,TX,Victoria,2
2020,TX,Walker,0
2020,TX,Waller,2
2020,TX,Washington,1
2020,TX,Webb,5
2020,TX,Wharton,2
2020,TX,Wheeler,0
2020,TX,Wichita,9
2020,TX,Williamson,208
2020,TX,Wilson,1
2020,VA,Accomack,4
2020,VA,Albemarle,109
2020,VA,Alleghany,1
2020,VA,Arlington,173
2020,VA,Augusta,11
2020,VA,Bath,0
2020,VA,Bedford,25
2020,VA,Bedford,25
2020,VA,Botetourt,6
2020,VA,Campbell,7
2020,VA,Caroline,5
2020,VA,Chesterfield,96
2020,VA,Clarke,11
2020,VA,Culpeper,22
2020,VA,Essex,0
2020,VA,Fairfax,819
2020,VA,Fairfax,819
2020,VA,Fauquier,52
2020,VA,Floyd,11
2020,VA,Fluvanna,12
2020,VA,Franklin,10
2020,VA,Franklin,10
2020,VA,Frederick,45
2020,VA,Giles,2
2020,VA,Goochland,8
2020,VA,Halifax,3
2020,VA,Hanover,26
2020,VA,Henrico,91
2020,VA,Henry,4
2020,VA,Isle of Wight,12
2020,VA,James City,28
2020,VA,King George,12
2020,VA,Lancaster,6
2020,VA,Loudoun,362
2020,VA,Louisa,15
2020,VA,Madison,0
2020,VA,Mecklenburg,4
2020,VA,Middlesex,6
2020,VA,Montgomery,43
2020,VA,Nelson,9
2020,VA,New Kent,7
2020,VA,Northumberland,4
2020,VA,Nottoway,4
2020,VA,Orange,16
2020,VA,Page,4
2020,VA,Patrick,0
2020,VA,Powhatan,7
2020,VA,Prince Edward,1
2020,VA,Prince George,6
2020,VA,Prince William,227
2020,VA,Rappahannock,6
2020,VA,Roanoke,18
2020,VA,Roanoke,18
2020,VA,Rockbridge,4
2020,VA,Rockingham,43
2020,VA,Shenandoah,15
2020,VA,Smyth,2
2020,VA,Spotsylvania,48
2020,VA,Stafford,71
2020,VA,Sussex,2
2020,VA,Warren,23
2020,VA,Washington,10
2020,VA,Westmoreland,8
2020,VA,Wythe,1
2020,VA,York,32
2020,MT,Beaverhead,0
2020,MT,Carbon,0
2020,MT,Cascade,6
2020,MT,Custer,0
2020,MT,Dawson,0
2020,MT,Flathead,40
2020,MT,Gallatin,41
2020,MT,Granite,3
2020,MT,Lake,8
2020,MT,Lewis and Clark,30
2020,MT,Madison,3
2020,MT,Mineral,1
2020,MT,Missoula,39
2020,MT,Park,8
2020,MT,Silver Bow,8
2020,MT,Yellowstone,21
2020,OR,Baker,6
2020,OR,Benton,166
2020,OR,Clackamas,668
2020,OR,Clatsop,41
2020,OR,Columbia,106
2020,OR,Coos,71
2020,OR,Crook,11
2020,OR,Curry,39
2020,OR,Deschutes,159
2020,OR,Douglas,71
2020,OR,Gilliam,2
2020,OR,Grant,0
2020,OR,Harney,3
2020,OR,Hood River,55
2020,OR,Jackson,341
2020,OR,Jefferson,10
2020,OR,Josephine,60
2020,OR,Klamath,21
2020,OR,Lake,1
2020,OR,Lane,584
2020,OR,Lincoln,64
2020,OR,Linn,133
2020,OR,Malheur,3
2020,OR,Marion,359
2020,OR,Morrow,2
2020,OR,Multnomah,1497
2020,OR,Polk,89
2020,OR,Tillamook,25
2020,OR,Umatilla,14
2020,OR,Union,12
2020,OR,Wallowa,1
2020,OR,Wasco,13
2020,OR,Washington,1132
2020,OR,Wheeler,0
2020,OR,Yamhill,130
2020,WA,Adams,3
2020,WA,Asotin,3
2020,WA,Benton,144
2020,WA,Chelan,61
2020,WA,Clallam,114
2020,WA,Clark,506
2020,WA,Columbia,3
2020,WA,Cowlitz,67
2020,WA,Douglas,20
2020,WA,Ferry,0
2020,WA,Franklin,42
2020,WA,Grant,39
2020,WA,Grays Harbor,46
2020,WA,Island,165
2020,WA,Jefferson,85
2020,WA,King,3406
2020,WA,Kitsap,356
2020,WA,Kittitas,29
2020,WA,Klickitat,30
2020,WA,Lewis,71
2020,WA,Lincoln,5
2020,WA,Mason,70
2020,WA,Okanogan,24
2020,WA,Pacific,15
2020,WA,Pend Oreille,0
2020,WA,Pierce,758
2020,WA,San Juan,76
2020,WA,Skagit,148
2020,WA,Skamania,9
2020,WA,Snohomish,806
2020,WA,Spokane,248
2020,WA,Stevens,33
2020,WA,Thurston,616
2020,WA,Wahkiakum,2
2020,WA,Walla Walla,37
2020,WA,Whatcom,249
2020,WA,Whitman,29
2020,WA,Yakima,60
2020,CA,Alameda,6673
2020,CA,Alpine,1
2020,CA,Amador,60
2020,CA,Butte,139
2020,CA,Calaveras,64
2020,CA,Colusa,13
2020,CA,Contra Costa,3309
2020,CA,Del Norte,32
2020,CA,El Dorado,409
2020,CA,Fresno,905
2020,CA,Glenn,8
2020,CA,Humboldt,416
2020,CA,Imperial,38
2020,CA,Inyo,8
2020,CA,Kern,517
2020,CA,Kings,61
2020,CA,Lake,91
2020,CA,Lassen,1
2020,CA,Los Angeles,20614
2020,CA,Madera,129
2020,CA,Marin,1243
2020,CA,Mariposa,20
2020,CA,Mendocino,235
2020,CA,Merced,221
2020,CA,Modoc,0
2020,CA,Mono,9
2020,CA,Monterey,538
2020,CA,Napa,315
2020,CA,Nevada,214
2020,CA,Orange,7568
2020,CA,Placer,898
2020,CA,Plumas,7
2020,CA,Riverside,3569
2020,CA,Sacramento,2625
2020,CA,San Benito,172
2020,CA,San Bernardino,2571
2020,CA,San Diego,6434
2020,CA,San Francisco,1688
2020,CA,San Joaquin,1076
2020,CA,San Luis Obispo,653
2020,CA,San Mateo,2768
2020,CA,Santa Barbara,822
2020,CA,Santa Clara,10686
2020,CA,Santa Cruz,1023
2020,CA,Shasta,120
2020,CA,Sierra,2
2020,CA,Siskiyou,13
2020,CA,Solano,931
2020,CA,Sonoma,2372
2020,CA,Stanislaus,548
2020,CA,Sutter,61
2020,CA,Tehama,24
2020,CA,Trinity,11
2020,CA,Tulare,254
2020,CA,Tuolumne,52
2020,CA,Ventura,2238
2020,CA,Yolo,523
2020,CA,Yuba,64
2020,CO,Adams,229
2020,CO,Alamosa,3
2020,CO,Arapahoe,362
2020,CO,Archuleta,2
2020,CO,Boulder,578
2020,CO,Broomfield,100
2020,CO,Chaffee,8
2020,CO,Clear Creek,10
2020,CO,Custer,4
2020,CO,Delta,20
2020,CO,Denver,504
2020,CO,Dolores,0
2020,CO,Douglas,265
2020,CO,Eagle,47
2020,CO,El Paso,436
2020,CO,Fremont,17
2020,CO,Garfield,78
2020,CO,Gilpin,11
2020,CO,Grand,13
2020,CO,Gunnison,10
2020,CO,Hinsdale,0
2020,CO,Huerfano,1
2020,CO,Jefferson,630
2020,CO,Kit Carson,1
2020,CO,Lake,4
2020,CO,La Plata,47
2020,CO,Larimer,414
2020,CO,Las Animas,0
2020,CO,Lincoln,2
2020,CO,Mesa,86
2020,CO,Mineral,0
2020,CO,Moffat,2
2020,CO,Montezuma,11
2020,CO,Montrose,24
2020,CO,Morgan,6
2020,CO,Otero,4
2020,CO,Ouray,6
2020,CO,Park,16
2020,CO,Pitkin,42
2020,CO,Pueblo,59
2020,CO,Rio Blanco,0
2020,CO,Rio Grande,2
2020,CO,Routt,14
2020,CO,Saguache,4
2020,CO,San Miguel,2
2020,CO,Summit,17
2020,CO,Teller,12
2020,CO,Washington,0
2020,CO,Weld,222
2018,CT,Fairfield,611
2018,CT,Hartford,375
2018,CT,Litchfield,101
2018,CT,Middlesex,134
2018,CT,New Haven,764
2018,CT,New London,122
2018,CT,Tolland,108
2018,CT,Windham,69
2019,CT,Fairfield,707
2019,CT,Hartford,437
2019,CT,Litchfield,116
2019,CT,Middlesex,155
2019,CT,New Haven,984
2019,CT,New London,144
2019,CT,Tolland,127
2019,CT,Windham,75
2020,CT,Fairfield,809
2020,CT,Hartford,473
2020,CT,Litchfield,136
2020,CT,Middlesex,177
2020,CT,New Haven,1168
2020,CT,New London,167
2020,CT,Tolland,147
2020,CT,Windham,81
2020,MI,Allegan,39
2020,MI,Antrim,8
2020,MI,Baraga,1
2020,MI,Barry,20
2020,MI,Bay,55
2020,MI,Benzie,4
2020,MI,Berrien,42
2020,MI,Branch,2
2020,MI,Calhoun,38
2020,MI,Cass,7
2020,MI,Charlevoix,7
2020,MI,Cheboygan,10
2020,MI,Chippewa,3
2020,MI,Clare,4
2020,MI,Clinton,55
2020,MI,Delta,12
2020,MI,Dickinson,7
2020,MI,Eaton,108
2020,MI,Emmet,22
2020,MI,Genesee,328
2020,MI,Gogebic,-3
2020,MI,Grand Traverse,36
2020,MI,Gratiot,7
2020,MI,Hillsdale,15
2020,MI,Houghton,13
2020,MI,Huron,3
2020,MI,Ingham,277
2020,MI,Ionia,10
2020,MI,Iosco,12
2020,MI,Iron,0.00E+00
2020,MI,Isabella,14
2020,MI,Jackson,133
2020,MI,Kalamazoo,167
2020,MI,Kalkaska,2
2020,MI,Kent,354
2020,MI,Lake,3
2020,MI,Lapeer,48
2020,MI,Leelanau,17
2020,MI,Lenawee,40
2020,MI,Livingston,178
2020,MI,Mackinac,6
2020,MI,Macomb,363
2020,MI,Manistee,3
2020,MI,Marquette,21
2020,MI,Mason,6
2020,MI,Mecosta,19
2020,MI,Midland,63
2020,MI,Monroe,68
2020,MI,Montcalm,10
2020,MI,Montmorency,4
2020,MI,Muskegon,29
2020,MI,Newaygo,12
2020,MI,Oakland,1519
2020,MI,Oceana,1
2020,MI,Ogemaw,1
2020,MI,Osceola,5
2020,MI,Otsego,1
2020,MI,Ottawa,176
2020,MI,Presque Isle,8
2020,MI,Roscommon,3
2020,MI,Saginaw,89
2020,MI,St. Clair,82
2020,MI,Sanilac,6
2020,MI,Shiawassee,65
2020,MI,Van Buren,41
2020,MI,Washtenaw,620
2020,MI,Wayne,703
2020,MI,Wexford,10
2021,NJ,Atlantic,56
2021,NJ,Bergen,247
2021,NJ,Burlington,183
2021,NJ,Camden,123
2021,NJ,Cape May,25
2021,NJ,Cumberland,12
2021,NJ,Essex,260
2021,NJ,Gloucester,79
2021,NJ,Hudson,68
2021,NJ,Hunterdon,90
2021,NJ,Mercer,261
2021,NJ,Middlesex,237
2021,NJ,Monmouth,303
2021,NJ,Morris,231
2021,NJ,Ocean,323
2021,NJ,Passaic,102
2021,NJ,Salem,19
2021,NJ,Somerset,220
2021,NJ,Sussex,81
2021,NJ,Union,164
2021,NJ,Warren,36
2021,NY,Albany,208
2021,NY,Allegany,13
2021,NY,Bronx,40
2021,NY,Broome,97
2021,NY,Cattaraugus,20
2021,NY,Cayuga,28
2021,NY,Chautauqua,49
2021,NY,Chemung,39
2021,NY,Chenango,21
2021,NY,Clinton,24
2021,NY,Columbia,46
2021,NY,Cortland,31
2021,NY,Delaware,10
2021,NY,Dutchess,178
2021,NY,Erie,534
2021,NY,Essex,34
2021,NY,Franklin,13
2021,NY,Fulton,16
2021,NY,Genesee,25
2021,NY,Greene,23
2021,NY,Hamilton,1
2021,NY,Herkimer,9
2021,NY,Jefferson,16
2021,NY,Kings,164
2021,NY,Lewis,0.00E+00
2021,NY,Livingston,55
2021,NY,Madison,32
2021,NY,Monroe,1010
2021,NY,Montgomery,19
2021,NY,Nassau,349
2021,NY,New York,310
2021,NY,Niagara,162
2021,NY,Oneida,80
2021,NY,Onondaga,227
2021,NY,Ontario,116
2021,NY,Orange,113
2021,NY,Orleans,21
2021,NY,Oswego,43
2021,NY,Otsego,28
2021,NY,Putnam,40
2021,NY,Queens,416
2021,NY,Rensselaer,106
2021,NY,Richmond,46
2021,NY,Rockland,98
2021,NY,St. Lawrence,32
2021,NY,Saratoga,145
2021,NY,Schenectady,115
2021,NY,Schoharie,29
2021,NY,Schuyler,17
2021,NY,Seneca,14
2021,NY,Steuben,39
2021,NY,Suffolk,621
2021,NY,Sullivan,27
2021,NY,Tioga,28
2021,NY,Tompkins,267
2021,NY,Ulster,181
2021,NY,Warren,40
2021,NY,Washington,36
2021,NY,Wayne,83
2021,NY,Westchester,443
2021,NY,Wyoming,7
2021,NY,Yates,21
2021,VT,Addison,50
2021,VT,Bennington,34
2021,VT,Caledonia,23
2021,VT,Chittenden,259
2021,VT,Franklin,18
2021,VT,Lamoille,14
2021,VT,Orange,35
2021,VT,Orleans,18
2021,VT,Rutland,82
2021,VT,Washington,131
2021,VT,Windham,84
2021,VT,Windsor,124
2021,CT,Fairfield,907
2021,CT,Hartford,562
2021,CT,Litchfield,143
2021,CT,Middlesex,192
2021,CT,New Haven,1283
2021,CT,New London,183
2021,CT,Tolland,161
2021,CT,Windham,85
2021,MI,Allegan,39
2021,MI,Antrim,8
2021,MI,Baraga,1
2021,MI,Barry,20
2021,MI,Bay,55
2021,MI,Benzie,4
2021,MI,Berrien,41
2021,MI,Branch,1
2021,MI,Calhoun,41
2021,MI,Cass,7
2021,MI,Charlevoix,7
2021,MI,Cheboygan,12
2021,MI,Chippewa,3
2021,MI,Clare,4
2021,MI,Clinton,60
2021,MI,Delta,14
2021,MI,Dickinson,8
2021,MI,Eaton,118
2021,MI,Emmet,24
2021,MI,Genesee,346
2021,MI,Gogebic,-5
2021,MI,Grand Traverse,38
2021,MI,Gratiot,7
2021,MI,Hillsdale,19
2021,MI,Houghton,15
2021,MI,Huron,3
2021,MI,Ingham,294
2021,MI,Ionia,10
2021,MI,Iosco,11
2021,MI,Iron,0.00E+00
2021,MI,Isabella,14
2021,MI,Jackson,158
2021,MI,Kalamazoo,179
2021,MI,Kalkaska,2
2021,MI,Kent,386
2021,MI,Lake,3
2021,MI,Lapeer,48
2021,MI,Leelanau,19
2021,MI,Lenawee,44
2021,MI,Livingston,185
2021,MI,Mackinac,8
2021,MI,Macomb,314
2021,MI,Manistee,3
2021,MI,Marquette,25
2021,MI,Mason,6
2021,MI,Mecosta,23
2021,MI,Midland,65
2021,MI,Monroe,77
2021,MI,Montcalm,10
2021,MI,Montmorency,5
2021,MI,Muskegon,29
2021,MI,Newaygo,12
2021,MI,Oakland,1478
2021,MI,Oceana,-1
2021,MI,Ogemaw,1
2021,MI,Osceola,5
2021,MI,Otsego,0
2021,MI,Ottawa,176
2021,MI,Presque Isle,10
2021,MI,Roscommon,1
2021,MI,Saginaw,98
2021,MI,St. Clair,94
2021,MI,Sanilac,7
2021,MI,Shiawassee,68
2021,MI,Van Buren,46
2021,MI,Washtenaw,661
2021,MI,Wayne,712
2021,MI,Wexford,10
2021,MN,Anoka,340
2021,MN,Becker,10
2021,MN,Beltrami,22
2021,MN,Blue Earth,33
2021,MN,Brown,15
2021,MN,Carlton,8
2021,MN,Carver,73
2021,MN,Cass,13
2021,MN,Chippewa,5
2021,MN,Chisago,34
2021,MN,Clay,24
2021,MN,Cook,9
2021,MN,Crow Wing,26
2021,MN,Dakota,398
2021,MN,Douglas,25
2021,MN,Fillmore,9
2021,MN,Freeborn,15
2021,MN,Goodhue,29
2021,MN,Hennepin,1393
2021,MN,Hubbard,11
2021,MN,Isanti,14
2021,MN,Itasca,11
2021,MN,Kanabec,5
2021,MN,Kandiyohi,17
2021,MN,Lake,13
2021,MN,Lyon,5
2021,MN,McLeod,19
2021,MN,Martin,1
2021,MN,Morrison,20
2021,MN,Mower,15
2021,MN,Nicollet,17
2021,MN,Nobles,0
2021,MN,Olmsted,140
2021,MN,Otter Tail,32
2021,MN,Pine,10
2021,MN,Pipestone,0.00E+00
2021,MN,Ramsey,850
2021,MN,Redwood,6
2021,MN,Renville,-1
2021,MN,Rice,63
2021,MN,Rock,1
2021,MN,St. Louis,92
2021,MN,Scott,116
2021,MN,Sherburne,73
2021,MN,Stearns,123
2021,MN,Steele,24
2021,MN,Stevens,14
2021,MN,Todd,10
2021,MN,Wadena,7
2021,MN,Washington,325
2021,MN,Winona,27
2021,MN,Wright,95
2021,WI,Barron,16
2021,WI,Bayfield,8
2021,WI,Brown,68
2021,WI,Calumet,6
2021,WI,Chippewa,19
2021,WI,Dane,400
2021,WI,Dodge,36
2021,WI,Door,9
2021,WI,Dunn,1
2021,WI,Eau Claire,33
2021,WI,Florence,1
2021,WI,Fond du Lac,23
2021,WI,Grant,17
2021,WI,Green,6
2021,WI,Green Lake,-1
2021,WI,Jefferson,9
2021,WI,Juneau,15
2021,WI,Kenosha,52
2021,WI,La Crosse,51
2021,WI,Manitowoc,17
2021,WI,Marathon,15
2021,WI,Marinette,25
2021,WI,Milwaukee,139
2021,WI,Monroe,15
2021,WI,Oneida,1
2021,WI,Outagamie,76
2021,WI,Ozaukee,14
2021,WI,Pierce,24
2021,WI,Polk,4
2021,WI,Portage,16
2021,WI,Price,7
2021,WI,Racine,35
2021,WI,Richland,0
2021,WI,Rock,78
2021,WI,Rusk,5
2021,WI,St. Croix,27
2021,WI,Sauk,23
2021,WI,Sawyer,1
2021,WI,Sheboygan,38
2021,WI,Vernon,47
2021,WI,Walworth,33
2021,WI,Washington,35
2021,WI,Waukesha,120
2021,WI,Winnebago,67
2021,WI,Wood,34
2021,FL,Alachua,150
2021,FL,Bay,50
2021,FL,Brevard,454
2021,FL,Broward,707
2021,FL,Charlotte,98
2021,FL,Citrus,66
2021,FL,Clay,95
2021,FL,Collier,130
2021,FL,Columbia,14
2021,FL,Duval,348
2021,FL,Escambia,97
2021,FL,Flagler,69
2021,FL,Franklin,8
2021,FL,Hamilton,7
2021,FL,Hendry,11
2021,FL,Hernando,79
2021,FL,Highlands,38
2021,FL,Hillsborough,718
2021,FL,Indian River,53
2021,FL,Jackson,5
2021,FL,Jefferson,6
2021,FL,Lake,250
2021,FL,Lee,338
2021,FL,Leon,217
2021,FL,Manatee,225
2021,FL,Marion,138
2021,FL,Martin,55
2021,FL,Miami-Dade,596
2021,FL,Monroe,41
2021,FL,Nassau,24
2021,FL,Okaloosa,50
2021,FL,Okeechobee,5
2021,FL,Orange,822
2021,FL,Osceola,235
2021,FL,Palm Beach,678
2021,FL,Pasco,347
2021,FL,Pinellas,998
2021,FL,Polk,235
2021,FL,Putnam,14
2021,FL,St. Johns,153
2021,FL,St. Lucie,117
2021,FL,Santa Rosa,74
2021,FL,Sarasota,313
2021,FL,Seminole,319
2021,FL,Sumter,56
2021,FL,Suwannee,1
2021,FL,Taylor,-3
2021,FL,Volusia,209
2021,FL,Wakulla,13
2021,FL,Walton,27
2021,FL,Washington,-3
2021,TN,Anderson,7
2021,TN,Bedford,36
2021,TN,Blount,32
2021,TN,Bradley,11
2021,TN,Carter,0
2021,TN,Cheatham,14
2021,TN,Cocke,10
2021,TN,Coffee,4
2021,TN,Cumberland,40
2021,TN,Davidson,293
2021,TN,DeKalb,8
2021,TN,Dickson,9
2021,TN,Dyer,4
2021,TN,Fentress,5
2021,TN,Franklin,-2
2021,TN,Greene,-1
2021,TN,Hamblen,2
2021,TN,Hamilton,111
2021,TN,Hardin,3
2021,TN,Hawkins,-3
2021,TN,Henry,1
2021,TN,Jackson,-2
2021,TN,Jefferson,30
2021,TN,Knox,241
2021,TN,Lawrence,9
2021,TN,Loudon,15
2021,TN,McMinn,39
2021,TN,Macon,7
2021,TN,Madison,11
2021,TN,Marshall,0
2021,TN,Maury,10
2021,TN,Montgomery,71
2021,TN,Overton,-4
2021,TN,Perry,1
2021,TN,Polk,2
2021,TN,Putnam,22
2021,TN,Rhea,0.00E+00
2021,TN,Roane,9
2021,TN,Rutherford,60
2021,TN,Scott,1
2021,TN,Sevier,32
2021,TN,Shelby,122
2021,TN,Smith,3
2021,TN,Stewart,-6
2021,TN,Sullivan,0
2021,TN,Sumner,64
2021,TN,Unicoi,-1
2021,TN,Van Buren,-4
2021,TN,Warren,3
2021,TN,Washington,34
2021,TN,Weakley,5
2021,TN,White,2
2021,TN,Williamson,147
2021,TN,Wilson,53
2021,TX,Anderson,-1
2021,TX,Angelina,5
2021,TX,Aransas,-3
2021,TX,Austin,1
2021,TX,Bandera,3
2021,TX,Bastrop,24
2021,TX,Bell,45
2021,TX,Bexar,193
2021,TX,Blanco,8
2021,TX,Bowie,3
2021,TX,Brazoria,54
2021,TX,Brazos,5
2021,TX,Burnet,62
2021,TX,Calhoun,0.00E+00
2021,TX,Cameron,6
2021,TX,Collin,234
2021,TX,Colorado,-3
2021,TX,Comal,48
2021,TX,Coryell,3
2021,TX,Crockett,0.00E+00
2021,TX,Culberson,-4
2021,TX,Dallas,316
2021,TX,Denton,145
2021,TX,DeWitt,0.00E+00
2021,TX,Dickens,0.00E+00
2021,TX,Eastland,-4
2021,TX,Ellis,39
2021,TX,El Paso,133
2021,TX,Fayette,-5
2021,TX,Fort Bend,162
2021,TX,Galveston,27
2021,TX,Gillespie,1
2021,TX,Gonzales,-4
2021,TX,Grayson,35
2021,TX,Gregg,27
2021,TX,Grimes,1
2021,TX,Guadalupe,49
2021,TX,Hamilton,-3
2021,TX,Hardin,-3
2021,TX,Harris,283
2021,TX,Harrison,6
2021,TX,Hays,55
2021,TX,Henderson,2
2021,TX,Hidalgo,84
2021,TX,Hill,-7
2021,TX,Hood,-11
2021,TX,Hopkins,-7
2021,TX,Hunt,-11
2021,TX,Jackson,0.00E+00
2021,TX,Jasper,4
2021,TX,Jefferson,10
2021,TX,Johnson,-15
2021,TX,Kaufman,83
2021,TX,Kendall,30
2021,TX,Kerr,8
2021,TX,Kleberg,20
2021,TX,Lampasas,19
2021,TX,Lee,-3
2021,TX,Leon,1
2021,TX,Llano,3
2021,TX,Lubbock,36
2021,TX,McLennan,10
2021,TX,Matagorda,-5
2021,TX,Maverick,-13
2021,TX,Midland,9
2021,TX,Montgomery,58
2021,TX,Moore,0.00E+00
2021,TX,Nacogdoches,6
2021,TX,Navarro,6
2021,TX,Nolan,5
2021,TX,Nueces,5
2021,TX,Ochiltree,0.00E+00
2021,TX,Orange,6
2021,TX,Parker,16
2021,TX,Pecos,0.00E+00
2021,TX,Polk,-10
2021,TX,Potter,8
2021,TX,Presidio,0.00E+00
2021,TX,Randall,10
2021,TX,Real,-4
2021,TX,Reeves,0.00E+00
2021,TX,Rockwall,16
2021,TX,Runnels,0.00E+00
2021,TX,San Patricio,7
2021,TX,Smith,35
2021,TX,Tarrant,3
2021,TX,Taylor,8
2021,TX,Titus,0.00E+00
2021,TX,Tom Green,61
2021,TX,Travis,346
2021,TX,Uvalde,0.00E+00
2021,TX,Val Verde,7
2021,TX,Van Zandt,2
2021,TX,Victoria,2
2021,TX,Walker,0.00E+00
2021,TX,Waller,-2
2021,TX,Washington,-6
2021,TX,Webb,5
2021,TX,Wharton,2
2021,TX,Wheeler,0.00E+00
2021,TX,Wichita,26
2021,TX,Williamson,192
2021,TX,Wilson,-6
2021,VA,Accomack,6
2021,VA,Albemarle,136
2021,VA,Alleghany,1
2021,VA,Arlington,200
2021,VA,Augusta,11
2021,VA,Bath,0.00E+00
2021,VA,Bedford,30
2021,VA,Botetourt,7
2021,VA,Campbell,9
2021,VA,Caroline,5
2021,VA,Chesterfield,109
2021,VA,Clarke,13
2021,VA,Culpeper,25
2021,VA,Essex,0.00E+00
2021,VA,Fairfax,895
2021,VA,Fauquier,59
2021,VA,Floyd,14
2021,VA,Fluvanna,16
2021,VA,Franklin,11
2021,VA,Frederick,56
2021,VA,Giles,2
2021,VA,Goochland,9
2021,VA,Halifax,4
2021,VA,Hanover,34
2021,VA,Henrico,114
2021,VA,Henry,5
2021,VA,Isle of Wight,15
2021,VA,James City,32
2021,VA,King George,14
2021,VA,Lancaster,8
2021,VA,Loudoun,408
2021,VA,Louisa,19
2021,VA,Madison,0
2021,VA,Mecklenburg,5
2021,VA,Middlesex,8
2021,VA,Montgomery,53
2021,VA,Nelson,13
2021,VA,New Kent,9
2021,VA,Northumberland,5
2021,VA,Nottoway,9
2021,VA,Orange,18
2021,VA,Page,5
2021,VA,Patrick,0
2021,VA,Powhatan,8
2021,VA,Prince Edward,1
2021,VA,Prince George,7
2021,VA,Prince William,259
2021,VA,Rappahannock,7
2021,VA,Roanoke,21
2021,VA,Rockbridge,6
2021,VA,Rockingham,54
2021,VA,Shenandoah,18
2021,VA,Smyth,4
2021,VA,Spotsylvania,57
2021,VA,Stafford,83
2021,VA,Sussex,3
2021,VA,Warren,32
2021,VA,Washington,12
2021,VA,Westmoreland,10
2021,VA,Wythe,1
2021,VA,York,39
2021,MT,Beaverhead,0.00E+00
2021,MT,Carbon,0.00E+00
2021,MT,Cascade,23
2021,MT,Custer,0.00E+00
2021,MT,Dawson,0.00E+00
2021,MT,Flathead,130
2021,MT,Gallatin,129
2021,MT,Granite,3
2021,MT,Lake,11
2021,MT,Lewis and Clark,51
2021,MT,Madison,6
2021,MT,Mineral,1
2021,MT,Missoula,97
2021,MT,Park,25
2021,MT,Silver Bow,23
2021,MT,Yellowstone,62
2021,OR,Baker,2
2021,OR,Benton,222
2021,OR,Clackamas,850
2021,OR,Clatsop,38
2021,OR,Columbia,127
2021,OR,Coos,92
2021,OR,Crook,14
2021,OR,Curry,42
2021,OR,Deschutes,185
2021,OR,Douglas,90
2021,OR,Gilliam,5
2021,OR,Grant,-4
2021,OR,Harney,3
2021,OR,Hood River,93
2021,OR,Jackson,537
2021,OR,Jefferson,13
2021,OR,Josephine,81
2021,OR,Klamath,24
2021,OR,Lake,1
2021,OR,Lane,720
2021,OR,Lincoln,109
2021,OR,Linn,164
2021,OR,Malheur,3
2021,OR,Marion,527
2021,OR,Morrow,5
2021,OR,Multnomah,1677
2021,OR,Polk,108
2021,OR,Tillamook,28
2021,OR,Umatilla,10
2021,OR,Union,12
2021,OR,Wallowa,1
2021,OR,Wasco,0
2021,OR,Washington,1381
2021,OR,Wheeler,0.00E+00
2021,OR,Yamhill,220
2021,WA,Adams,3
2021,WA,Asotin,3
2021,WA,Benton,167
2021,WA,Chelan,72
2021,WA,Clallam,133
2021,WA,Clark,592
2021,WA,Columbia,4
2021,WA,Cowlitz,79
2021,WA,Douglas,23
2021,WA,Ferry,0
2021,WA,Franklin,48
2021,WA,Grant,46
2021,WA,Grays Harbor,55
2021,WA,Island,192
2021,WA,Jefferson,100
2021,WA,King,3927
2021,WA,Kitsap,409
2021,WA,Kittitas,34
2021,WA,Klickitat,36
2021,WA,Lewis,82
2021,WA,Lincoln,5
2021,WA,Mason,82
2021,WA,Okanogan,28
2021,WA,Pacific,18
2021,WA,Pend Oreille,0
2021,WA,Pierce,878
2021,WA,San Juan,88
2021,WA,Skagit,172
2021,WA,Skamania,10
2021,WA,Snohomish,923
2021,WA,Spokane,287
2021,WA,Stevens,38
2021,WA,Thurston,707
2021,WA,Wahkiakum,2
2021,WA,Walla Walla,43
2021,WA,Whatcom,284
2021,WA,Whitman,34
2021,WA,Yakima,69
2021,CA,Alameda,7622
2021,CA,Alpine,1
2021,CA,Amador,69
2021,CA,Butte,162
2021,CA,Calaveras,74
2021,CA,Colusa,16
2021,CA,Contra Costa,3795
2021,CA,Del Norte,38
2021,CA,El Dorado,473
2021,CA,Fresno,1028
2021,CA,Glenn,9
2021,CA,Humboldt,481
2021,CA,Imperial,43
2021,CA,Inyo,10
2021,CA,Kern,594
2021,CA,Kings,70
2021,CA,Lake,104
2021,CA,Lassen,1
2021,CA,Los Angeles,23665
2021,CA,Madera,151
2021,CA,Marin,1446
2021,CA,Mariposa,24
2021,CA,Mendocino,274
2021,CA,Merced,257
2021,CA,Modoc,0
2021,CA,Mono,11
2021,CA,Monterey,617
2021,CA,Napa,361
2021,CA,Nevada,250
2021,CA,Orange,8717
2021,CA,Placer,1030
2021,CA,Plumas,8
2021,CA,Riverside,4130
2021,CA,Sacramento,3001
2021,CA,San Benito,201
2021,CA,San Bernardino,2950
2021,CA,San Diego,7376
2021,CA,San Francisco,1929
2021,CA,San Joaquin,1234
2021,CA,San Luis Obispo,759
2021,CA,San Mateo,3162
2021,CA,Santa Barbara,944
2021,CA,Santa Clara,12114
2021,CA,Santa Cruz,1168
2021,CA,Shasta,140
2021,CA,Sierra,2
2021,CA,Siskiyou,15
2021,CA,Solano,1086
2021,CA,Sonoma,2730
2021,CA,Stanislaus,634
2021,CA,Sutter,71
2021,CA,Tehama,28
2021,CA,Trinity,13
2021,CA,Tulare,295
2021,CA,Tuolumne,60
2021,CA,Ventura,2587
2021,CA,Yolo,602
2021,CA,Yuba,74
2021,CO,Adams,263
2021,CO,Alamosa,3
2021,CO,Arapahoe,421
2021,CO,Archuleta,2
2021,CO,Boulder,669
2021,CO,Broomfield,115
2021,CO,Chaffee,9
2021,CO,Clear Creek,11
2021,CO,Custer,5
2021,CO,Delta,23
2021,CO,Denver,587
2021,CO,Dolores,0.00E+00
2021,CO,Douglas,303
2021,CO,Eagle,54
2021,CO,El Paso,502
2021,CO,Fremont,20
2021,CO,Garfield,90
2021,CO,Gilpin,13
2021,CO,Grand,15
2021,CO,Gunnison,12
2021,CO,Hinsdale,0
2021,CO,Huerfano,1
2021,CO,Jefferson,710
2021,CO,Kit Carson,1
2021,CO,Lake,5
2021,CO,La Plata,55
2021,CO,Larimer,475
2021,CO,Las Animas,0
2021,CO,Lincoln,2
2021,CO,Mesa,100
2021,CO,Mineral,0.00E+00
2021,CO,Moffat,2
2021,CO,Montezuma,13
2021,CO,Montrose,28
2021,CO,Morgan,7
2021,CO,Otero,4
2021,CO,Ouray,7
2021,CO,Park,18
2021,CO,Pitkin,48
2021,CO,Pueblo,68
2021,CO,Rio Blanco,0
2021,CO,Rio Grande,2
2021,CO,Routt,16
2021,CO,Saguache,5
2021,CO,San Miguel,2
2021,CO,Summit,19
2021,CO,Teller,14
2021,CO,Washington,0.00E+00
2021,CO,Weld,256
2022,NJ,Atlantic,62
2022,NJ,Bergen,266
2022,NJ,Burlington,199
2022,NJ,Camden,129
2022,NJ,Cape May,27
2022,NJ,Cumberland,13
2022,NJ,Essex,286
2022,NJ,Gloucester,88
2022,NJ,Hudson,75
2022,NJ,Hunterdon,99
2022,NJ,Mercer,294
2022,NJ,Middlesex,255
2022,NJ,Monmouth,343
2022,NJ,Morris,253
2022,NJ,Ocean,378
2022,NJ,Passaic,109
2022,NJ,Salem,21
2022,NJ,Somerset,240
2022,NJ,Sussex,91
2022,NJ,Union,181
2022,NJ,Warren,39
2022,NY,Albany,223
2022,NY,Allegany,14
2022,NY,Bronx,44
2022,NY,Broome,105
2022,NY,Cattaraugus,22
2022,NY,Cayuga,31
2022,NY,Chautauqua,53
2022,NY,Chemung,42
2022,NY,Chenango,23
2022,NY,Clinton,26
2022,NY,Columbia,50
2022,NY,Cortland,34
2022,NY,Delaware,11
2022,NY,Dutchess,192
2022,NY,Erie,580
2022,NY,Essex,37
2022,NY,Franklin,14
2022,NY,Fulton,18
2022,NY,Genesee,27
2022,NY,Greene,25
2022,NY,Hamilton,1
2022,NY,Herkimer,10
2022,NY,Jefferson,18
2022,NY,Kings,179
2022,NY,Lewis,0.00E+00
2022,NY,Livingston,60
2022,NY,Madison,35
2022,NY,Monroe,1089
2022,NY,Montgomery,21
2022,NY,Nassau,380
2022,NY,New York,340
2022,NY,Niagara,177
2022,NY,Oneida,87
2022,NY,Onondaga,246
2022,NY,Ontario,125
2022,NY,Orange,123
2022,NY,Orleans,22
2022,NY,Oswego,46
2022,NY,Otsego,30
2022,NY,Putnam,44
2022,NY,Queens,453
2022,NY,Rensselaer,117
2022,NY,Richmond,49
2022,NY,Rockland,106
2022,NY,St. Lawrence,35
2022,NY,Saratoga,157
2022,NY,Schenectady,126
2022,NY,Schoharie,32
2022,NY,Schuyler,19
2022,NY,Seneca,14
2022,NY,Steuben,43
2022,NY,Suffolk,673
2022,NY,Sullivan,29
2022,NY,Tioga,30
2022,NY,Tompkins,291
2022,NY,Ulster,197
2022,NY,Warren,43
2022,NY,Washington,39
2022,NY,Wayne,89
2022,NY,Westchester,479
2022,NY,Wyoming,8
2022,NY,Yates,23
2022,VT,Addison,51
2022,VT,Bennington,36
2022,VT,Caledonia,27
2022,VT,Chittenden,274
2022,VT,Franklin,18
2022,VT,Lamoille,13
2022,VT,Orange,40
2022,VT,Orleans,20
2022,VT,Rutland,86
2022,VT,Washington,142
2022,VT,Windham,97
2022,VT,Windsor,140
2022,CT,Fairfield,988
2022,CT,Hartford,623
2022,CT,Litchfield,160
2022,CT,Middlesex,224
2022,CT,New Haven,1488
2022,CT,New London,216
2022,CT,Tolland,190
2022,CT,Windham,94
2022,MI,Allegan,39
2022,MI,Antrim,8
2022,MI,Baraga,1
2022,MI,Barry,21
2022,MI,Bay,56
2022,MI,Benzie,4
2022,MI,Berrien,41
2022,MI,Branch,0
2022,MI,Calhoun,44
2022,MI,Cass,6
2022,MI,Charlevoix,7
2022,MI,Cheboygan,13
2022,MI,Chippewa,3
2022,MI,Clare,4
2022,MI,Clinton,65
2022,MI,Delta,15
2022,MI,Dickinson,9
2022,MI,Eaton,129
2022,MI,Emmet,26
2022,MI,Genesee,364
2022,MI,Gogebic,-8
2022,MI,Grand Traverse,41
2022,MI,Gratiot,7
2022,MI,Hillsdale,22
2022,MI,Houghton,17
2022,MI,Huron,1
2022,MI,Ingham,308
2022,MI,Ionia,9
2022,MI,Iosco,11
2022,MI,Iron,0.00E+00
2022,MI,Isabella,13
2022,MI,Jackson,184
2022,MI,Kalamazoo,192
2022,MI,Kalkaska,2
2022,MI,Kent,422
2022,MI,Lake,4
2022,MI,Lapeer,47
2022,MI,Leelanau,21
2022,MI,Lenawee,47
2022,MI,Livingston,191
2022,MI,Mackinac,9
2022,MI,Macomb,263
2022,MI,Manistee,2
2022,MI,Marquette,28
2022,MI,Mason,7
2022,MI,Mecosta,26
2022,MI,Midland,67
2022,MI,Monroe,87
2022,MI,Montcalm,11
2022,MI,Montmorency,5
2022,MI,Muskegon,29
2022,MI,Newaygo,12
2022,MI,Oakland,1429
2022,MI,Oceana,-2
2022,MI,Ogemaw,1
2022,MI,Osceola,5
2022,MI,Otsego,-2
2022,MI,Ottawa,177
2022,MI,Presque Isle,12
2022,MI,Roscommon,-1
2022,MI,Saginaw,106
2022,MI,St. Clair,104
2022,MI,Sanilac,8
2022,MI,Shiawassee,70
2022,MI,Van Buren,51
2022,MI,Washtenaw,700
2022,MI,Wayne,719
2022,MI,Wexford,10
2022,MN,Anoka,394
2022,MN,Becker,11
2022,MN,Beltrami,25
2022,MN,Blue Earth,39
2022,MN,Brown,17
2022,MN,Carlton,9
2022,MN,Carver,81
2022,MN,Cass,14
2022,MN,Chippewa,5
2022,MN,Chisago,40
2022,MN,Clay,28
2022,MN,Cook,11
2022,MN,Crow Wing,30
2022,MN,Dakota,451
2022,MN,Douglas,29
2022,MN,Fillmore,9
2022,MN,Freeborn,17
2022,MN,Goodhue,32
2022,MN,Hennepin,1561
2022,MN,Hubbard,13
2022,MN,Isanti,15
2022,MN,Itasca,13
2022,MN,Kanabec,6
2022,MN,Kandiyohi,19
2022,MN,Lake,15
2022,MN,Lyon,6
2022,MN,McLeod,22
2022,MN,Martin,1
2022,MN,Morrison,24
2022,MN,Mower,17
2022,MN,Nicollet,20
2022,MN,Nobles,-1
2022,MN,Olmsted,162
2022,MN,Otter Tail,38
2022,MN,Pine,11
2022,MN,Pipestone,0.00E+00
2022,MN,Ramsey,976
2022,MN,Redwood,7
2022,MN,Renville,-1
2022,MN,Rice,73
2022,MN,Rock,1
2022,MN,St. Louis,106
2022,MN,Scott,131
2022,MN,Sherburne,85
2022,MN,Stearns,146
2022,MN,Steele,29
2022,MN,Stevens,16
2022,MN,Todd,12
2022,MN,Wadena,9
2022,MN,Washington,372
2022,MN,Winona,30
2022,MN,Wright,106
2022,WI,Barron,18
2022,WI,Bayfield,9
2022,WI,Brown,77
2022,WI,Calumet,7
2022,WI,Chippewa,23
2022,WI,Dane,474
2022,WI,Dodge,45
2022,WI,Door,11
2022,WI,Dunn,-1
2022,WI,Eau Claire,41
2022,WI,Florence,1
2022,WI,Fond du Lac,27
2022,WI,Grant,20
2022,WI,Green,6
2022,WI,Green Lake,-1
2022,WI,Jefferson,8
2022,WI,Juneau,18
2022,WI,Kenosha,60
2022,WI,La Crosse,60
2022,WI,Manitowoc,20
2022,WI,Marathon,17
2022,WI,Marinette,26
2022,WI,Milwaukee,144
2022,WI,Monroe,17
2022,WI,Oneida,1
2022,WI,Outagamie,85
2022,WI,Ozaukee,12
2022,WI,Pierce,29
2022,WI,Polk,4
2022,WI,Portage,18
2022,WI,Price,8
2022,WI,Racine,39
2022,WI,Richland,-1
2022,WI,Rock,91
2022,WI,Rusk,6
2022,WI,St. Croix,33
2022,WI,Sauk,27
2022,WI,Sawyer,1
2022,WI,Sheboygan,44
2022,WI,Vernon,54
2022,WI,Walworth,40
2022,WI,Washington,41
2022,WI,Waukesha,133
2022,WI,Winnebago,65
2022,WI,Wood,40
2022,FL,Alachua,179
2022,FL,Bay,60
2022,FL,Brevard,537
2022,FL,Broward,794
2022,FL,Charlotte,117
2022,FL,Citrus,80
2022,FL,Clay,108
2022,FL,Collier,154
2022,FL,Columbia,17
2022,FL,Duval,407
2022,FL,Escambia,111
2022,FL,Flagler,82
2022,FL,Franklin,10
2022,FL,Hamilton,8
2022,FL,Hendry,13
2022,FL,Hernando,93
2022,FL,Highlands,44
2022,FL,Hillsborough,841
2022,FL,Indian River,63
2022,FL,Jackson,5
2022,FL,Jefferson,6
2022,FL,Lake,298
2022,FL,Lee,387
2022,FL,Leon,259
2022,FL,Manatee,265
2022,FL,Marion,168
2022,FL,Martin,63
2022,FL,Miami-Dade,693
2022,FL,Monroe,49
2022,FL,Nassau,27
2022,FL,Okaloosa,56
2022,FL,Okeechobee,6
2022,FL,Orange,953
2022,FL,Osceola,287
2022,FL,Palm Beach,750
2022,FL,Pasco,399
2022,FL,Pinellas,1179
2022,FL,Polk,271
2022,FL,Putnam,18
2022,FL,St. Johns,183
2022,FL,St. Lucie,139
2022,FL,Santa Rosa,85
2022,FL,Sarasota,369
2022,FL,Seminole,362
2022,FL,Sumter,70
2022,FL,Suwannee,1
2022,FL,Taylor,-5
2022,FL,Volusia,240
2022,FL,Wakulla,17
2022,FL,Walton,32
2022,FL,Washington,-5
2022,TN,Anderson,-2
2022,TN,Bedford,46
2022,TN,Blount,28
2022,TN,Bradley,11
2022,TN,Carter,-3
2022,TN,Cheatham,16
2022,TN,Cocke,12
2022,TN,Coffee,1
2022,TN,Cumberland,51
2022,TN,Davidson,318
2022,TN,DeKalb,10
2022,TN,Dickson,11
2022,TN,Dyer,6
2022,TN,Fentress,7
2022,TN,Franklin,-5
2022,TN,Greene,-3
2022,TN,Hamblen,0
2022,TN,Hamilton,122
2022,TN,Hardin,3
2022,TN,Hawkins,-4
2022,TN,Henry,1
2022,TN,Jackson,-4
2022,TN,Jefferson,40
2022,TN,Knox,253
2022,TN,Lawrence,11
2022,TN,Loudon,18
2022,TN,McMinn,52
2022,TN,Macon,9
2022,TN,Madison,13
2022,TN,Marshall,-4
2022,TN,Maury,8
2022,TN,Montgomery,83
2022,TN,Overton,-6
2022,TN,Perry,1
2022,TN,Polk,2
2022,TN,Putnam,24
2022,TN,Rhea,0.00E+00
2022,TN,Roane,9
2022,TN,Rutherford,62
2022,TN,Scott,1
2022,TN,Sevier,34
2022,TN,Shelby,104
2022,TN,Smith,3
2022,TN,Stewart,-9
2022,TN,Sullivan,-11
2022,TN,Sumner,74
2022,TN,Unicoi,-2
2022,TN,Van Buren,-6
2022,TN,Warren,3
2022,TN,Washington,36
2022,TN,Weakley,7
2022,TN,White,2
2022,TN,Williamson,159
2022,TN,Wilson,55
2022,TX,Anderson,-2
2022,TX,Angelina,7
2022,TX,Aransas,-5
2022,TX,Austin,1
2022,TX,Bandera,3
2022,TX,Bastrop,25
2022,TX,Bell,47
2022,TX,Bexar,187
2022,TX,Blanco,10
2022,TX,Bowie,3
2022,TX,Brazoria,65
2022,TX,Brazos,3
2022,TX,Burnet,83
2022,TX,Calhoun,0.00E+00
2022,TX,Cameron,2
2022,TX,Collin,251
2022,TX,Colorado,-5
2022,TX,Comal,55
2022,TX,Coryell,3
2022,TX,Crockett,0.00E+00
2022,TX,Culberson,-6
2022,TX,Dallas,327
2022,TX,Denton,147
2022,TX,DeWitt,0.00E+00
2022,TX,Dickens,0.00E+00
2022,TX,Eastland,-6
2022,TX,Ellis,49
2022,TX,El Paso,168
2022,TX,Fayette,-8
2022,TX,Fort Bend,185
2022,TX,Galveston,25
2022,TX,Gillespie,-1
2022,TX,Gonzales,-6
2022,TX,Grayson,45
2022,TX,Gregg,34
2022,TX,Grimes,1
2022,TX,Guadalupe,64
2022,TX,Hamilton,-3
2022,TX,Hardin,-5
2022,TX,Harris,250
2022,TX,Harrison,8
2022,TX,Hays,49
2022,TX,Henderson,2
2022,TX,Hidalgo,105
2022,TX,Hill,-10
2022,TX,Hood,-20
2022,TX,Hopkins,-10
2022,TX,Hunt,-20
2022,TX,Jackson,0.00E+00
2022,TX,Jasper,6
2022,TX,Jefferson,10
2022,TX,Johnson,-29
2022,TX,Kaufman,104
2022,TX,Kendall,41
2022,TX,Kerr,8
2022,TX,Kleberg,27
2022,TX,Lampasas,26
2022,TX,Lee,-5
2022,TX,Leon,1
2022,TX,Llano,3
2022,TX,Lubbock,47
2022,TX,McLennan,7
2022,TX,Matagorda,-8
2022,TX,Maverick,-19
2022,TX,Midland,11
2022,TX,Montgomery,58
2022,TX,Moore,0.00E+00
2022,TX,Nacogdoches,8
2022,TX,Navarro,8
2022,TX,Nolan,7
2022,TX,Nueces,2
2022,TX,Ochiltree,0.00E+00
2022,TX,Orange,8
2022,TX,Parker,18
2022,TX,Pecos,0.00E+00
2022,TX,Polk,-16
2022,TX,Potter,9
2022,TX,Presidio,0.00E+00
2022,TX,Randall,10
2022,TX,Real,-5
2022,TX,Reeves,0.00E+00
2022,TX,Rockwall,18
2022,TX,Runnels,0.00E+00
2022,TX,San Patricio,9
2022,TX,Smith,42
2022,TX,Tarrant,-115
2022,TX,Taylor,8
2022,TX,Titus,0.00E+00
2022,TX,Tom Green,88
2022,TX,Travis,287
2022,TX,Uvalde,0.00E+00
2022,TX,Val Verde,9
2022,TX,Van Zandt,2
2022,TX,Victoria,2
2022,TX,Walker,0.00E+00
2022,TX,Waller,-4
2022,TX,Washington,-9
2022,TX,Webb,5
2022,TX,Wharton,2
2022,TX,Wheeler,0.00E+00
2022,TX,Wichita,33
2022,TX,Williamson,183
2022,TX,Wilson,-9
2022,VA,Accomack,8
2022,VA,Albemarle,155
2022,VA,Alleghany,1
2022,VA,Arlington,218
2022,VA,Augusta,12
2022,VA,Bath,0.00E+00
2022,VA,Bedford,34
2022,VA,Botetourt,8
2022,VA,Campbell,10
2022,VA,Caroline,6
2022,VA,Chesterfield,118
2022,VA,Clarke,14
2022,VA,Culpeper,28
2022,VA,Essex,0.00E+00
2022,VA,Fairfax,947
2022,VA,Fauquier,65
2022,VA,Floyd,17
2022,VA,Fluvanna,19
2022,VA,Franklin,12
2022,VA,Frederick,64
2022,VA,Giles,2
2022,VA,Goochland,10
2022,VA,Halifax,5
2022,VA,Hanover,39
2022,VA,Henrico,127
2022,VA,Henry,6
2022,VA,Isle of Wight,17
2022,VA,James City,35
2022,VA,King George,15
2022,VA,Lancaster,9
2022,VA,Loudoun,439
2022,VA,Louisa,22
2022,VA,Madison,-1
2022,VA,Mecklenburg,6
2022,VA,Middlesex,9
2022,VA,Montgomery,60
2022,VA,Nelson,15
2022,VA,New Kent,10
2022,VA,Northumberland,6
2022,VA,Nottoway,11
2022,VA,Orange,20
2022,VA,Page,5
2022,VA,Patrick,-1
2022,VA,Powhatan,9
2022,VA,Prince Edward,2
2022,VA,Prince George,8
2022,VA,Prince William,281
2022,VA,Rappahannock,8
2022,VA,Roanoke,24
2022,VA,Rockbridge,7
2022,VA,Rockingham,61
2022,VA,Shenandoah,20
2022,VA,Smyth,4
2022,VA,Spotsylvania,62
2022,VA,Stafford,92
2022,VA,Sussex,4
2022,VA,Warren,36
2022,VA,Washington,13
2022,VA,Westmoreland,12
2022,VA,Wythe,1
2022,VA,York,45
2022,MT,Beaverhead,0.00E+00
2022,MT,Carbon,0.00E+00
2022,MT,Cascade,30
2022,MT,Custer,0.00E+00
2022,MT,Dawson,0.00E+00
2022,MT,Flathead,152
2022,MT,Gallatin,161
2022,MT,Granite,3
2022,MT,Lake,13
2022,MT,Lewis and Clark,60
2022,MT,Madison,8
2022,MT,Mineral,1
2022,MT,Missoula,120
2022,MT,Park,33
2022,MT,Silver Bow,29
2022,MT,Yellowstone,82
2022,OR,Baker,0
2022,OR,Benton,255
2022,OR,Clackamas,952
2022,OR,Clatsop,36
2022,OR,Columbia,138
2022,OR,Coos,105
2022,OR,Crook,16
2022,OR,Curry,44
2022,OR,Deschutes,202
2022,OR,Douglas,100
2022,OR,Gilliam,7
2022,OR,Grant,-6
2022,OR,Harney,3
2022,OR,Hood River,114
2022,OR,Jackson,597
2022,OR,Jefferson,15
2022,OR,Josephine,92
2022,OR,Klamath,26
2022,OR,Lake,1
2022,OR,Lane,819
2022,OR,Lincoln,130
2022,OR,Linn,182
2022,OR,Malheur,3
2022,OR,Marion,616
2022,OR,Morrow,6
2022,OR,Multnomah,1798
2022,OR,Polk,118
2022,OR,Tillamook,30
2022,OR,Umatilla,8
2022,OR,Union,12
2022,OR,Wallowa,1
2022,OR,Wasco,-5
2022,OR,Washington,1480
2022,OR,Wheeler,0.00E+00
2022,OR,Yamhill,242
2022,WA,Adams,3
2022,WA,Asotin,3
2022,WA,Benton,183
2022,WA,Chelan,79
2022,WA,Clallam,147
2022,WA,Clark,646
2022,WA,Columbia,4
2022,WA,Cowlitz,87
2022,WA,Douglas,25
2022,WA,Ferry,0
2022,WA,Franklin,53
2022,WA,Grant,50
2022,WA,Grays Harbor,62
2022,WA,Island,211
2022,WA,Jefferson,110
2022,WA,King,4221
2022,WA,Kitsap,438
2022,WA,Kittitas,38
2022,WA,Klickitat,40
2022,WA,Lewis,90
2022,WA,Lincoln,6
2022,WA,Mason,90
2022,WA,Okanogan,29
2022,WA,Pacific,19
2022,WA,Pend Oreille,0
2022,WA,Pierce,950
2022,WA,San Juan,98
2022,WA,Skagit,182
2022,WA,Skamania,11
2022,WA,Snohomish,1001
2022,WA,Spokane,311
2022,WA,Stevens,41
2022,WA,Thurston,767
2022,WA,Wahkiakum,3
2022,WA,Walla Walla,48
2022,WA,Whatcom,312
2022,WA,Whitman,37
2022,WA,Yakima,75
2022,CA,Alameda,8263
2022,CA,Alpine,1
2022,CA,Amador,75
2022,CA,Butte,177
2022,CA,Calaveras,81
2022,CA,Colusa,17
2022,CA,Contra Costa,4094
2022,CA,Del Norte,42
2022,CA,El Dorado,516
2022,CA,Fresno,1125
2022,CA,Glenn,11
2022,CA,Humboldt,526
2022,CA,Imperial,48
2022,CA,Inyo,11
2022,CA,Kern,643
2022,CA,Kings,77
2022,CA,Lake,113
2022,CA,Lassen,1
2022,CA,Los Angeles,25507
2022,CA,Madera,166
2022,CA,Marin,1579
2022,CA,Mariposa,26
2022,CA,Mendocino,302
2022,CA,Merced,276
2022,CA,Modoc,0
2022,CA,Mono,12
2022,CA,Monterey,670
2022,CA,Napa,392
2022,CA,Nevada,275
2022,CA,Orange,9489
2022,CA,Placer,1119
2022,CA,Plumas,9
2022,CA,Riverside,4491
2022,CA,Sacramento,3254
2022,CA,San Benito,220
2022,CA,San Bernardino,3204
2022,CA,San Diego,8011
2022,CA,San Francisco,2091
2022,CA,San Joaquin,1340
2022,CA,San Luis Obispo,834
2022,CA,San Mateo,3428
2022,CA,Santa Barbara,1026
2022,CA,Santa Clara,13139
2022,CA,Santa Cruz,1265
2022,CA,Shasta,155
2022,CA,Sierra,3
2022,CA,Siskiyou,16
2022,CA,Solano,1196
2022,CA,Sonoma,2932
2022,CA,Stanislaus,695
2022,CA,Sutter,78
2022,CA,Tehama,31
2022,CA,Trinity,14
2022,CA,Tulare,323
2022,CA,Tuolumne,66
2022,CA,Ventura,2812
2022,CA,Yolo,656
2022,CA,Yuba,81
2022,CO,Adams,292
2022,CO,Alamosa,4
2022,CO,Arapahoe,460
2022,CO,Archuleta,3
2022,CO,Boulder,728
2022,CO,Broomfield,125
2022,CO,Chaffee,10
2022,CO,Clear Creek,12
2022,CO,Custer,5
2022,CO,Delta,25
2022,CO,Denver,632
2022,CO,Dolores,0.00E+00
2022,CO,Douglas,332
2022,CO,Eagle,58
2022,CO,El Paso,538
2022,CO,Fremont,21
2022,CO,Garfield,99
2022,CO,Gilpin,14
2022,CO,Grand,16
2022,CO,Gunnison,13
2022,CO,Hinsdale,0
2022,CO,Huerfano,1
2022,CO,Jefferson,770
2022,CO,Kit Carson,1
2022,CO,Lake,5
2022,CO,La Plata,61
2022,CO,Larimer,520
2022,CO,Las Animas,0
2022,CO,Lincoln,2
2022,CO,Mesa,109
2022,CO,Mineral,0.00E+00
2022,CO,Moffat,2
2022,CO,Montezuma,14
2022,CO,Montrose,31
2022,CO,Morgan,8
2022,CO,Otero,5
2022,CO,Ouray,8
2022,CO,Park,19
2022,CO,Pitkin,53
2022,CO,Pueblo,75
2022,CO,Rio Blanco,0
2022,CO,Rio Grande,3
2022,CO,Routt,18
2022,CO,Saguache,5
2022,CO,San Miguel,3
2022,CO,Summit,22
2022,CO,Teller,15
2022,CO,Washington,0.00E+00
2022,CO,Weld,280
2023,NJ,Atlantic,68
2023,NJ,Bergen,288
2023,NJ,Burlington,215
2023,NJ,Camden,134
2023,NJ,Cape May,29
2023,NJ,Cumberland,14
2023,NJ,Essex,308
2023,NJ,Gloucester,98
2023,NJ,Hudson,82
2023,NJ,Hunterdon,107
2023,NJ,Mercer,330
2023,NJ,Middlesex,278
2023,NJ,Monmouth,380
2023,NJ,Morris,272
2023,NJ,Ocean,432
2023,NJ,Passaic,117
2023,NJ,Salem,23
2023,NJ,Somerset,257
2023,NJ,Sussex,100
2023,NJ,Union,196
2023,NJ,Warren,41
2023,NY,Albany,243
2023,NY,Allegany,15
2023,NY,Bronx,48
2023,NY,Broome,114
2023,NY,Cattaraugus,23
2023,NY,Cayuga,33
2023,NY,Chautauqua,57
2023,NY,Chemung,45
2023,NY,Chenango,26
2023,NY,Clinton,29
2023,NY,Columbia,54
2023,NY,Cortland,37
2023,NY,Delaware,12
2023,NY,Dutchess,208
2023,NY,Erie,627
2023,NY,Essex,40
2023,NY,Franklin,15
2023,NY,Fulton,20
2023,NY,Genesee,30
2023,NY,Greene,27
2023,NY,Hamilton,1
2023,NY,Herkimer,11
2023,NY,Jefferson,19
2023,NY,Kings,192
2023,NY,Lewis,0.00E+00
2023,NY,Livingston,65
2023,NY,Madison,38
2023,NY,Monroe,1174
2023,NY,Montgomery,22
2023,NY,Nassau,404
2023,NY,New York,366
2023,NY,Niagara,192
2023,NY,Oneida,94
2023,NY,Onondaga,266
2023,NY,Ontario,136
2023,NY,Orange,133
2023,NY,Orleans,24
2023,NY,Oswego,49
2023,NY,Otsego,32
2023,NY,Putnam,47
2023,NY,Queens,488
2023,NY,Rensselaer,126
2023,NY,Richmond,54
2023,NY,Rockland,114
2023,NY,St. Lawrence,38
2023,NY,Saratoga,170
2023,NY,Schenectady,136
2023,NY,Schoharie,35
2023,NY,Schuyler,20
2023,NY,Seneca,15
2023,NY,Steuben,46
2023,NY,Suffolk,729
2023,NY,Sullivan,31
2023,NY,Tioga,33
2023,NY,Tompkins,316
2023,NY,Ulster,212
2023,NY,Warren,47
2023,NY,Washington,42
2023,NY,Wayne,98
2023,NY,Westchester,516
2023,NY,Wyoming,8
2023,NY,Yates,25
2023,VT,Addison,53
2023,VT,Bennington,37
2023,VT,Caledonia,31
2023,VT,Chittenden,290
2023,VT,Franklin,18
2023,VT,Lamoille,12
2023,VT,Orange,46
2023,VT,Orleans,21
2023,VT,Rutland,89
2023,VT,Washington,154
2023,VT,Windham,111
2023,VT,Windsor,158
2023,MI,Allegan,39
2023,MI,Antrim,8
2023,MI,Baraga,1
2023,MI,Barry,21
2023,MI,Bay,57
2023,MI,Benzie,4
2023,MI,Berrien,40
2023,MI,Branch,-1
2023,MI,Calhoun,47
2023,MI,Cass,5
2023,MI,Charlevoix,7
2023,MI,Cheboygan,14
2023,MI,Chippewa,3
2023,MI,Clare,4
2023,MI,Clinton,69
2023,MI,Delta,17
2023,MI,Dickinson,10
2023,MI,Eaton,139
2023,MI,Emmet,29
2023,MI,Genesee,380
2023,MI,Gogebic,-8
2023,MI,Grand Traverse,43
2023,MI,Gratiot,7
2023,MI,Hillsdale,25
2023,MI,Houghton,19
2023,MI,Huron,0
2023,MI,Ingham,323
2023,MI,Ionia,9
2023,MI,Iosco,11
2023,MI,Iron,0.00E+00
2023,MI,Isabella,13
2023,MI,Jackson,202
2023,MI,Kalamazoo,204
2023,MI,Kalkaska,2
2023,MI,Kent,456
2023,MI,Lake,4
2023,MI,Lapeer,47
2023,MI,Leelanau,23
2023,MI,Lenawee,50
2023,MI,Livingston,198
2023,MI,Mackinac,11
2023,MI,Macomb,213
2023,MI,Manistee,2
2023,MI,Marquette,30
2023,MI,Mason,7
2023,MI,Mecosta,29
2023,MI,Midland,70
2023,MI,Monroe,96
2023,MI,Montcalm,11
2023,MI,Montmorency,6
2023,MI,Muskegon,29
2023,MI,Newaygo,12
2023,MI,Oakland,1385
2023,MI,Oceana,-5
2023,MI,Ogemaw,1
2023,MI,Osceola,5
2023,MI,Otsego,-4
2023,MI,Ottawa,178
2023,MI,Presque Isle,13
2023,MI,Roscommon,-3
2023,MI,Saginaw,114
2023,MI,St. Clair,110
2023,MI,Sanilac,9
2023,MI,Shiawassee,73
2023,MI,Van Buren,55
2023,MI,Washtenaw,739
2023,MI,Wayne,727
2023,MI,Wexford,9
2023,MN,Anoka,446
2023,MN,Becker,12
2023,MN,Beltrami,28
2023,MN,Blue Earth,44
2023,MN,Brown,19
2023,MN,Carlton,11
2023,MN,Carver,88
2023,MN,Cass,16
2023,MN,Chippewa,7
2023,MN,Chisago,45
2023,MN,Clay,32
2023,MN,Cook,13
2023,MN,Crow Wing,33
2023,MN,Dakota,497
2023,MN,Douglas,33
2023,MN,Fillmore,10
2023,MN,Freeborn,20
2023,MN,Goodhue,37
2023,MN,Hennepin,1742
2023,MN,Hubbard,15
2023,MN,Isanti,17
2023,MN,Itasca,15
2023,MN,Kanabec,7
2023,MN,Kandiyohi,21
2023,MN,Lake,17
2023,MN,Lyon,6
2023,MN,McLeod,25
2023,MN,Martin,1
2023,MN,Morrison,28
2023,MN,Mower,19
2023,MN,Nicollet,23
2023,MN,Nobles,-1
2023,MN,Olmsted,183
2023,MN,Otter Tail,43
2023,MN,Pine,13
2023,MN,Pipestone,0.00E+00
2023,MN,Ramsey,1096
2023,MN,Redwood,8
2023,MN,Renville,-1
2023,MN,Rice,82
2023,MN,Rock,1
2023,MN,St. Louis,120
2023,MN,Scott,145
2023,MN,Sherburne,95
2023,MN,Stearns,165
2023,MN,Steele,33
2023,MN,Stevens,18
2023,MN,Todd,14
2023,MN,Wadena,10
2023,MN,Washington,412
2023,MN,Winona,33
2023,MN,Wright,116
2023,WI,Barron,20
2023,WI,Bayfield,10
2023,WI,Brown,85
2023,WI,Calumet,8
2023,WI,Chippewa,26
2023,WI,Dane,549
2023,WI,Dodge,52
2023,WI,Door,13
2023,WI,Dunn,-2
2023,WI,Eau Claire,49
2023,WI,Florence,1
2023,WI,Fond du Lac,32
2023,WI,Grant,24
2023,WI,Green,6
2023,WI,Green Lake,-2
2023,WI,Jefferson,6
2023,WI,Juneau,20
2023,WI,Kenosha,68
2023,WI,La Crosse,67
2023,WI,Manitowoc,23
2023,WI,Marathon,19
2023,WI,Marinette,29
2023,WI,Milwaukee,149
2023,WI,Monroe,20
2023,WI,Oneida,0
2023,WI,Outagamie,94
2023,WI,Ozaukee,9
2023,WI,Pierce,34
2023,WI,Polk,3
2023,WI,Portage,20
2023,WI,Price,10
2023,WI,Racine,42
2023,WI,Richland,-2
2023,WI,Rock,107
2023,WI,Rusk,7
2023,WI,St. Croix,39
2023,WI,Sauk,31
2023,WI,Sawyer,1
2023,WI,Sheboygan,49
2023,WI,Vernon,60
2023,WI,Walworth,46
2023,WI,Washington,47
2023,WI,Waukesha,146
2023,WI,Winnebago,64
2023,WI,Wood,45
2023,FL,Alachua,209
2023,FL,Bay,69
2023,FL,Brevard,624
2023,FL,Broward,898
2023,FL,Charlotte,136
2023,FL,Citrus,95
2023,FL,Clay,121
2023,FL,Collier,178
2023,FL,Columbia,20
2023,FL,Duval,469
2023,FL,Escambia,124
2023,FL,Flagler,96
2023,FL,Franklin,11
2023,FL,Hamilton,10
2023,FL,Hendry,14
2023,FL,Hernando,107
2023,FL,Highlands,51
2023,FL,Hillsborough,967
2023,FL,Indian River,72
2023,FL,Jackson,5
2023,FL,Jefferson,7
2023,FL,Lake,349
2023,FL,Lee,438
2023,FL,Leon,302
2023,FL,Manatee,302
2023,FL,Marion,194
2023,FL,Martin,71
2023,FL,Miami-Dade,792
2023,FL,Monroe,57
2023,FL,Nassau,31
2023,FL,Okaloosa,62
2023,FL,Okeechobee,7
2023,FL,Orange,1088
2023,FL,Osceola,332
2023,FL,Palm Beach,827
2023,FL,Pasco,452
2023,FL,Pinellas,1365
2023,FL,Polk,312
2023,FL,Putnam,21
2023,FL,St. Johns,214
2023,FL,St. Lucie,162
2023,FL,Santa Rosa,97
2023,FL,Sarasota,424
2023,FL,Seminole,405
2023,FL,Sumter,83
2023,FL,Suwannee,0
2023,FL,Taylor,-6
2023,FL,Volusia,272
2023,FL,Wakulla,20
2023,FL,Walton,37
2023,FL,Washington,-7
2023,TN,Anderson,-8
2023,TN,Bedford,53
2023,TN,Blount,24
2023,TN,Bradley,11
2023,TN,Carter,-3
2023,TN,Cheatham,18
2023,TN,Cocke,13
2023,TN,Coffee,-3
2023,TN,Cumberland,59
2023,TN,Davidson,360
2023,TN,DeKalb,13
2023,TN,Dickson,12
2023,TN,Dyer,7
2023,TN,Fentress,9
2023,TN,Franklin,-9
2023,TN,Greene,-6
2023,TN,Hamblen,-2
2023,TN,Hamilton,132
2023,TN,Hardin,3
2023,TN,Hawkins,-5
2023,TN,Henry,1
2023,TN,Jackson,-6
2023,TN,Jefferson,50
2023,TN,Knox,263
2023,TN,Lawrence,12
2023,TN,Loudon,20
2023,TN,McMinn,64
2023,TN,Macon,10
2023,TN,Madison,16
2023,TN,Marshall,-7
2023,TN,Maury,6
2023,TN,Montgomery,98
2023,TN,Overton,-8
2023,TN,Perry,1
2023,TN,Polk,2
2023,TN,Putnam,25
2023,TN,Rhea,0.00E+00
2023,TN,Roane,9
2023,TN,Rutherford,65
2023,TN,Scott,1
2023,TN,Sevier,37
2023,TN,Shelby,88
2023,TN,Smith,3
2023,TN,Stewart,-13
2023,TN,Sullivan,-26
2023,TN,Sumner,84
2023,TN,Unicoi,-3
2023,TN,Van Buren,-9
2023,TN,Warren,3
2023,TN,Washington,37
2023,TN,Weakley,8
2023,TN,White,2
2023,TN,Williamson,173
2023,TN,Wilson,56
2023,TX,Anderson,-4
2023,TX,Angelina,10
2023,TX,Aransas,-7
2023,TX,Austin,1
2023,TX,Bandera,3
2023,TX,Bastrop,28
2023,TX,Bell,48
2023,TX,Bexar,182
2023,TX,Blanco,13
2023,TX,Bowie,3
2023,TX,Brazoria,75
2023,TX,Brazos,-1
2023,TX,Burnet,110
2023,TX,Calhoun,0.00E+00
2023,TX,Cameron,-1
2023,TX,Collin,269
2023,TX,Colorado,-7
2023,TX,Comal,61
2023,TX,Coryell,3
2023,TX,Crockett,0.00E+00
2023,TX,Culberson,-7
2023,TX,Dallas,337
2023,TX,Denton,150
2023,TX,DeWitt,0.00E+00
2023,TX,Dickens,0.00E+00
2023,TX,Eastland,-8
2023,TX,Ellis,58
2023,TX,El Paso,207
2023,TX,Fayette,-12
2023,TX,Fort Bend,217
2023,TX,Galveston,23
2023,TX,Gillespie,-3
2023,TX,Gonzales,-8
2023,TX,Grayson,52
2023,TX,Gregg,45
2023,TX,Grimes,1
2023,TX,Guadalupe,75
2023,TX,Hamilton,-5
2023,TX,Hardin,-7
2023,TX,Harris,225
2023,TX,Harrison,9
2023,TX,Hays,44
2023,TX,Henderson,2
2023,TX,Hidalgo,132
2023,TX,Hill,-14
2023,TX,Hood,-26
2023,TX,Hopkins,-13
2023,TX,Hunt,-26
2023,TX,Jackson,0.00E+00
2023,TX,Jasper,8
2023,TX,Jefferson,10
2023,TX,Johnson,-40
2023,TX,Kaufman,127
2023,TX,Kendall,54
2023,TX,Kerr,8
2023,TX,Kleberg,33
2023,TX,Lampasas,31
2023,TX,Lee,-7
2023,TX,Leon,1
2023,TX,Llano,3
2023,TX,Lubbock,57
2023,TX,McLennan,3
2023,TX,Matagorda,-12
2023,TX,Maverick,-27
2023,TX,Midland,12
2023,TX,Montgomery,58
2023,TX,Moore,0.00E+00
2023,TX,Nacogdoches,9
2023,TX,Navarro,9
2023,TX,Nolan,9
2023,TX,Nueces,-2
2023,TX,Ochiltree,0.00E+00
2023,TX,Orange,9
2023,TX,Parker,20
2023,TX,Pecos,0.00E+00
2023,TX,Polk,-21
2023,TX,Potter,11
2023,TX,Presidio,0.00E+00
2023,TX,Randall,10
2023,TX,Real,-7
2023,TX,Reeves,0.00E+00
2023,TX,Rockwall,21
2023,TX,Runnels,0.00E+00
2023,TX,San Patricio,11
2023,TX,Smith,51
2023,TX,Tarrant,-269
2023,TX,Taylor,8
2023,TX,Titus,0.00E+00
2023,TX,Tom Green,115
2023,TX,Travis,227
2023,TX,Uvalde,0.00E+00
2023,TX,Val Verde,10
2023,TX,Van Zandt,2
2023,TX,Victoria,2
2023,TX,Walker,0.00E+00
2023,TX,Waller,-6
2023,TX,Washington,-13
2023,TX,Webb,5
2023,TX,Wharton,2
2023,TX,Wheeler,0.00E+00
2023,TX,Wichita,39
2023,TX,Williamson,177
2023,TX,Wilson,-13
2023,VA,Accomack,9
2023,VA,Albemarle,174
2023,VA,Alleghany,1
2023,VA,Arlington,237
2023,VA,Augusta,12
2023,VA,Bath,0.00E+00
2023,VA,Bedford,38
2023,VA,Botetourt,8
2023,VA,Campbell,12
2023,VA,Caroline,6
2023,VA,Chesterfield,127
2023,VA,Clarke,15
2023,VA,Culpeper,31
2023,VA,Essex,0.00E+00
2023,VA,Fairfax,995
2023,VA,Fauquier,70
2023,VA,Floyd,19
2023,VA,Fluvanna,22
2023,VA,Franklin,14
2023,VA,Frederick,71
2023,VA,Giles,2
2023,VA,Goochland,11
2023,VA,Halifax,5
2023,VA,Hanover,44
2023,VA,Henrico,145
2023,VA,Henry,6
2023,VA,Isle of Wight,19
2023,VA,James City,38
2023,VA,King George,17
2023,VA,Lancaster,11
2023,VA,Loudoun,476
2023,VA,Louisa,25
2023,VA,Madison,-1
2023,VA,Mecklenburg,6
2023,VA,Middlesex,11
2023,VA,Montgomery,67
2023,VA,Nelson,18
2023,VA,New Kent,10
2023,VA,Northumberland,7
2023,VA,Nottoway,13
2023,VA,Orange,22
2023,VA,Page,6
2023,VA,Patrick,-1
2023,VA,Powhatan,10
2023,VA,Prince Edward,2
2023,VA,Prince George,8
2023,VA,Prince William,301
2023,VA,Rappahannock,10
2023,VA,Roanoke,26
2023,VA,Rockbridge,8
2023,VA,Rockingham,68
2023,VA,Shenandoah,22
2023,VA,Smyth,4
2023,VA,Spotsylvania,68
2023,VA,Stafford,101
2023,VA,Sussex,4
2023,VA,Warren,42
2023,VA,Washington,15
2023,VA,Westmoreland,14
2023,VA,Wythe,1
2023,VA,York,50
2023,MT,Beaverhead,0.00E+00
2023,MT,Carbon,0.00E+00
2023,MT,Cascade,36
2023,MT,Custer,0.00E+00
2023,MT,Dawson,0.00E+00
2023,MT,Flathead,184
2023,MT,Gallatin,184
2023,MT,Granite,3
2023,MT,Lake,16
2023,MT,Lewis and Clark,70
2023,MT,Madison,11
2023,MT,Mineral,1
2023,MT,Missoula,151
2023,MT,Park,39
2023,MT,Silver Bow,36
2023,MT,Yellowstone,101
2023,OR,Baker,-2
2023,OR,Benton,290
2023,OR,Clackamas,1049
2023,OR,Clatsop,36
2023,OR,Columbia,148
2023,OR,Coos,114
2023,OR,Crook,18
2023,OR,Curry,46
2023,OR,Deschutes,220
2023,OR,Douglas,109
2023,OR,Gilliam,9
2023,OR,Grant,-8
2023,OR,Harney,3
2023,OR,Hood River,135
2023,OR,Jackson,700
2023,OR,Jefferson,16
2023,OR,Josephine,102
2023,OR,Klamath,27
2023,OR,Lake,1
2023,OR,Lane,913
2023,OR,Lincoln,156
2023,OR,Linn,200
2023,OR,Malheur,3
2023,OR,Marion,690
2023,OR,Morrow,8
2023,OR,Multnomah,1924
2023,OR,Polk,127
2023,OR,Tillamook,31
2023,OR,Umatilla,6
2023,OR,Union,12
2023,OR,Wallowa,1
2023,OR,Wasco,-11
2023,OR,Washington,1596
2023,OR,Wheeler,0.00E+00
2023,OR,Yamhill,274
2023,WA,Adams,4
2023,WA,Asotin,4
2023,WA,Benton,200
2023,WA,Chelan,87
2023,WA,Clallam,161
2023,WA,Clark,693
2023,WA,Columbia,5
2023,WA,Cowlitz,95
2023,WA,Douglas,27
2023,WA,Ferry,0
2023,WA,Franklin,58
2023,WA,Grant,55
2023,WA,Grays Harbor,66
2023,WA,Island,231
2023,WA,Jefferson,118
2023,WA,King,4600
2023,WA,Kitsap,466
2023,WA,Kittitas,41
2023,WA,Klickitat,43
2023,WA,Lewis,98
2023,WA,Lincoln,6
2023,WA,Mason,98
2023,WA,Okanogan,30
2023,WA,Pacific,22
2023,WA,Pend Oreille,0
2023,WA,Pierce,1027
2023,WA,San Juan,106
2023,WA,Skagit,199
2023,WA,Skamania,13
2023,WA,Snohomish,1085
2023,WA,Spokane,339
2023,WA,Stevens,45
2023,WA,Thurston,832
2023,WA,Wahkiakum,3
2023,WA,Walla Walla,51
2023,WA,Whatcom,337
2023,WA,Whitman,40
2023,WA,Yakima,82
2023,CA,Alameda,8934
2023,CA,Alpine,1
2023,CA,Amador,82
2023,CA,Butte,192
2023,CA,Calaveras,89
2023,CA,Colusa,19
2023,CA,Contra Costa,4476
2023,CA,Del Norte,45
2023,CA,El Dorado,559
2023,CA,Fresno,1219
2023,CA,Glenn,11
2023,CA,Humboldt,562
2023,CA,Imperial,53
2023,CA,Inyo,12
2023,CA,Kern,684
2023,CA,Kings,84
2023,CA,Lake,122
2023,CA,Lassen,1
2023,CA,Los Angeles,27305
2023,CA,Madera,179
2023,CA,Marin,1704
2023,CA,Mariposa,28
2023,CA,Mendocino,326
2023,CA,Merced,302
2023,CA,Modoc,0
2023,CA,Mono,14
2023,CA,Monterey,725
2023,CA,Napa,424
2023,CA,Nevada,298
2023,CA,Orange,10337
2023,CA,Placer,1209
2023,CA,Plumas,10
2023,CA,Riverside,4850
2023,CA,Sacramento,3519
2023,CA,San Benito,237
2023,CA,San Bernardino,3465
2023,CA,San Diego,8661
2023,CA,San Francisco,2263
2023,CA,San Joaquin,1449
2023,CA,San Luis Obispo,900
2023,CA,San Mateo,3706
2023,CA,Santa Barbara,1109
2023,CA,Santa Clara,13976
2023,CA,Santa Cruz,1376
2023,CA,Shasta,168
2023,CA,Sierra,3
2023,CA,Siskiyou,17
2023,CA,Solano,1292
2023,CA,Sonoma,3168
2023,CA,Stanislaus,748
2023,CA,Sutter,87
2023,CA,Tehama,34
2023,CA,Trinity,15
2023,CA,Tulare,354
2023,CA,Tuolumne,72
2023,CA,Ventura,3044
2023,CA,Yolo,706
2023,CA,Yuba,88
2023,CO,Adams,317
2023,CO,Alamosa,4
2023,CO,Arapahoe,507
2023,CO,Archuleta,3
2023,CO,Boulder,787
2023,CO,Broomfield,137
2023,CO,Chaffee,10
2023,CO,Clear Creek,12
2023,CO,Custer,5
2023,CO,Delta,28
2023,CO,Denver,691
2023,CO,Dolores,0.00E+00
2023,CO,Douglas,364
2023,CO,Eagle,63
2023,CO,El Paso,581
2023,CO,Fremont,23
2023,CO,Garfield,108
2023,CO,Gilpin,16
2023,CO,Grand,18
2023,CO,Gunnison,13
2023,CO,Hinsdale,0
2023,CO,Huerfano,1
2023,CO,Jefferson,831
2023,CO,Kit Carson,1
2023,CO,Lake,6
2023,CO,La Plata,66
2023,CO,Larimer,569
2023,CO,Las Animas,0
2023,CO,Lincoln,2
2023,CO,Mesa,117
2023,CO,Mineral,0.00E+00
2023,CO,Moffat,3
2023,CO,Montezuma,15
2023,CO,Montrose,33
2023,CO,Morgan,8
2023,CO,Otero,5
2023,CO,Ouray,8
2023,CO,Park,20
2023,CO,Pitkin,57
2023,CO,Pueblo,81
2023,CO,Rio Blanco,0
2023,CO,Rio Grande,3
2023,CO,Routt,19
2023,CO,Saguache,6
2023,CO,San Miguel,3
2023,CO,Summit,23
2023,CO,Teller,16
2023,CO,Washington,0.00E+00
2023,CO,Weld,306
2024,NJ,Atlantic,73
2024,NJ,Bergen,304
2024,NJ,Burlington,231
2024,NJ,Camden,139
2024,NJ,Cape May,31
2024,NJ,Cumberland,14
2024,NJ,Essex,332
2024,NJ,Gloucester,107
2024,NJ,Hudson,89
2024,NJ,Hunterdon,114
2024,NJ,Mercer,360
2024,NJ,Middlesex,298
2024,NJ,Monmouth,423
2024,NJ,Morris,294
2024,NJ,Ocean,487
2024,NJ,Passaic,125
2024,NJ,Salem,26
2024,NJ,Somerset,278
2024,NJ,Sussex,110
2024,NJ,Union,211
2024,NJ,Warren,44
2024,NY,Albany,262
2024,NY,Allegany,16
2024,NY,Bronx,51
2024,NY,Broome,123
2024,NY,Cattaraugus,25
2024,NY,Cayuga,36
2024,NY,Chautauqua,61
2024,NY,Chemung,49
2024,NY,Chenango,28
2024,NY,Clinton,31
2024,NY,Columbia,58
2024,NY,Cortland,40
2024,NY,Delaware,13
2024,NY,Dutchess,223
2024,NY,Erie,673
2024,NY,Essex,43
2024,NY,Franklin,16
2024,NY,Fulton,21
2024,NY,Genesee,32
2024,NY,Greene,29
2024,NY,Hamilton,2
2024,NY,Herkimer,12
2024,NY,Jefferson,20
2024,NY,Kings,207
2024,NY,Lewis,0.00E+00
2024,NY,Livingston,70
2024,NY,Madison,41
2024,NY,Monroe,1272
2024,NY,Montgomery,24
2024,NY,Nassau,435
2024,NY,New York,396
2024,NY,Niagara,206
2024,NY,Oneida,101
2024,NY,Onondaga,285
2024,NY,Ontario,145
2024,NY,Orange,142
2024,NY,Orleans,26
2024,NY,Oswego,53
2024,NY,Otsego,35
2024,NY,Putnam,50
2024,NY,Queens,525
2024,NY,Rensselaer,135
2024,NY,Richmond,57
2024,NY,Rockland,122
2024,NY,St. Lawrence,41
2024,NY,Saratoga,181
2024,NY,Schenectady,146
2024,NY,Schoharie,37
2024,NY,Schuyler,22
2024,NY,Seneca,16
2024,NY,Steuben,51
2024,NY,Suffolk,775
2024,NY,Sullivan,34
2024,NY,Tioga,36
2024,NY,Tompkins,340
2024,NY,Ulster,228
2024,NY,Warren,50
2024,NY,Washington,45
2024,NY,Wayne,105
2024,NY,Westchester,552
2024,NY,Wyoming,9
2024,NY,Yates,27
2024,VT,Addison,54
2024,VT,Bennington,39
2024,VT,Caledonia,35
2024,VT,Chittenden,304
2024,VT,Franklin,18
2024,VT,Lamoille,12
2024,VT,Orange,52
2024,VT,Orleans,23
2024,VT,Rutland,94
2024,VT,Washington,164
2024,VT,Windham,126
2024,VT,Windsor,176
2024,MI,Allegan,39
2024,MI,Antrim,8
2024,MI,Baraga,1
2024,MI,Barry,22
2024,MI,Bay,59
2024,MI,Benzie,4
2024,MI,Berrien,40
2024,MI,Branch,-2
2024,MI,Calhoun,50
2024,MI,Cass,5
2024,MI,Charlevoix,7
2024,MI,Cheboygan,16
2024,MI,Chippewa,3
2024,MI,Clare,4
2024,MI,Clinton,72
2024,MI,Delta,19
2024,MI,Dickinson,11
2024,MI,Eaton,147
2024,MI,Emmet,32
2024,MI,Genesee,398
2024,MI,Gogebic,-11
2024,MI,Grand Traverse,46
2024,MI,Gratiot,7
2024,MI,Hillsdale,27
2024,MI,Houghton,21
2024,MI,Huron,-1
2024,MI,Ingham,336
2024,MI,Ionia,8
2024,MI,Iosco,10
2024,MI,Iron,0.00E+00
2024,MI,Isabella,12
2024,MI,Jackson,226
2024,MI,Kalamazoo,215
2024,MI,Kalkaska,2
2024,MI,Kent,490
2024,MI,Lake,5
2024,MI,Lapeer,46
2024,MI,Leelanau,25
2024,MI,Lenawee,52
2024,MI,Livingston,204
2024,MI,Mackinac,12
2024,MI,Macomb,159
2024,MI,Manistee,1
2024,MI,Marquette,36
2024,MI,Mason,8
2024,MI,Mecosta,31
2024,MI,Midland,71
2024,MI,Monroe,106
2024,MI,Montcalm,11
2024,MI,Montmorency,7
2024,MI,Muskegon,29
2024,MI,Newaygo,12
2024,MI,Oakland,1334
2024,MI,Oceana,-6
2024,MI,Ogemaw,1
2024,MI,Osceola,5
2024,MI,Otsego,-5
2024,MI,Ottawa,177
2024,MI,Presque Isle,13
2024,MI,Roscommon,-5
2024,MI,Saginaw,124
2024,MI,St. Clair,121
2024,MI,Sanilac,10
2024,MI,Shiawassee,76
2024,MI,Van Buren,60
2024,MI,Washtenaw,778
2024,MI,Wayne,731
2024,MI,Wexford,8
2024,MN,Anoka,493
2024,MN,Becker,12
2024,MN,Beltrami,31
2024,MN,Blue Earth,51
2024,MN,Brown,21
2024,MN,Carlton,12
2024,MN,Carver,96
2024,MN,Cass,18
2024,MN,Chippewa,8
2024,MN,Chisago,51
2024,MN,Clay,35
2024,MN,Cook,15
2024,MN,Crow Wing,37
2024,MN,Dakota,543
2024,MN,Douglas,36
2024,MN,Fillmore,12
2024,MN,Freeborn,21
2024,MN,Goodhue,40
2024,MN,Hennepin,1934
2024,MN,Hubbard,18
2024,MN,Isanti,18
2024,MN,Itasca,17
2024,MN,Kanabec,8
2024,MN,Kandiyohi,23
2024,MN,Lake,20
2024,MN,Lyon,7
2024,MN,McLeod,29
2024,MN,Martin,1
2024,MN,Morrison,31
2024,MN,Mower,21
2024,MN,Nicollet,26
2024,MN,Nobles,-1
2024,MN,Olmsted,204
2024,MN,Otter Tail,48
2024,MN,Pine,14
2024,MN,Pipestone,0.00E+00
2024,MN,Ramsey,1234
2024,MN,Redwood,9
2024,MN,Renville,-2
2024,MN,Rice,94
2024,MN,Rock,1
2024,MN,St. Louis,136
2024,MN,Scott,160
2024,MN,Sherburne,105
2024,MN,Stearns,191
2024,MN,Steele,38
2024,MN,Stevens,20
2024,MN,Todd,16
2024,MN,Wadena,12
2024,MN,Washington,456
2024,MN,Winona,36
2024,MN,Wright,126
2024,WI,Barron,24
2024,WI,Bayfield,12
2024,WI,Brown,92
2024,WI,Calumet,9
2024,WI,Chippewa,29
2024,WI,Dane,625
2024,WI,Dodge,56
2024,WI,Door,15
2024,WI,Dunn,-4
2024,WI,Eau Claire,58
2024,WI,Florence,1
2024,WI,Fond du Lac,35
2024,WI,Grant,27
2024,WI,Green,6
2024,WI,Green Lake,-3
2024,WI,Jefferson,5
2024,WI,Juneau,20
2024,WI,Kenosha,76
2024,WI,La Crosse,71
2024,WI,Manitowoc,26
2024,WI,Marathon,20
2024,WI,Marinette,32
2024,WI,Milwaukee,154
2024,WI,Monroe,22
2024,WI,Oneida,0
2024,WI,Outagamie,104
2024,WI,Ozaukee,6
2024,WI,Pierce,39
2024,WI,Polk,3
2024,WI,Portage,23
2024,WI,Price,12
2024,WI,Racine,45
2024,WI,Richland,-3
2024,WI,Rock,122
2024,WI,Rusk,8
2024,WI,St. Croix,45
2024,WI,Sauk,35
2024,WI,Sawyer,1
2024,WI,Sheboygan,55
2024,WI,Vernon,71
2024,WI,Walworth,52
2024,WI,Washington,53
2024,WI,Waukesha,159
2024,WI,Winnebago,62
2024,WI,Wood,50
2024,FL,Alachua,236
2024,FL,Bay,79
2024,FL,Brevard,697
2024,FL,Broward,1002
2024,FL,Charlotte,153
2024,FL,Citrus,108
2024,FL,Clay,135
2024,FL,Collier,201
2024,FL,Columbia,23
2024,FL,Duval,523
2024,FL,Escambia,137
2024,FL,Flagler,107
2024,FL,Franklin,13
2024,FL,Hamilton,11
2024,FL,Hendry,16
2024,FL,Hernando,120
2024,FL,Highlands,58
2024,FL,Hillsborough,1082
2024,FL,Indian River,81
2024,FL,Jackson,5
2024,FL,Jefferson,7
2024,FL,Lake,392
2024,FL,Lee,490
2024,FL,Leon,345
2024,FL,Manatee,349
2024,FL,Marion,219
2024,FL,Martin,77
2024,FL,Miami-Dade,883
2024,FL,Monroe,65
2024,FL,Nassau,36
2024,FL,Okaloosa,68
2024,FL,Okeechobee,9
2024,FL,Orange,1210
2024,FL,Osceola,376
2024,FL,Palm Beach,941
2024,FL,Pasco,510
2024,FL,Pinellas,1514
2024,FL,Polk,349
2024,FL,Putnam,24
2024,FL,St. Johns,245
2024,FL,St. Lucie,181
2024,FL,Santa Rosa,107
2024,FL,Sarasota,474
2024,FL,Seminole,450
2024,FL,Sumter,96
2024,FL,Suwannee,0
2024,FL,Taylor,-8
2024,FL,Volusia,304
2024,FL,Wakulla,23
2024,FL,Walton,41
2024,FL,Washington,-9
2024,TN,Anderson,-14
2024,TN,Bedford,62
2024,TN,Blount,19
2024,TN,Bradley,11
2024,TN,Carter,-5
2024,TN,Cheatham,20
2024,TN,Cocke,15
2024,TN,Coffee,-6
2024,TN,Cumberland,71
2024,TN,Davidson,391
2024,TN,DeKalb,14
2024,TN,Dickson,14
2024,TN,Dyer,9
2024,TN,Fentress,10
2024,TN,Franklin,-12
2024,TN,Greene,-10
2024,TN,Hamblen,-3
2024,TN,Hamilton,145
2024,TN,Hardin,3
2024,TN,Hawkins,-8
2024,TN,Henry,1
2024,TN,Jackson,-7
2024,TN,Jefferson,58
2024,TN,Knox,273
2024,TN,Lawrence,14
2024,TN,Loudon,22
2024,TN,McMinn,78
2024,TN,Macon,12
2024,TN,Madison,18
2024,TN,Marshall,-11
2024,TN,Maury,5
2024,TN,Montgomery,111
2024,TN,Overton,-9
2024,TN,Perry,1
2024,TN,Polk,2
2024,TN,Putnam,26
2024,TN,Rhea,0.00E+00
2024,TN,Roane,9
2024,TN,Rutherford,67
2024,TN,Scott,1
2024,TN,Sevier,39
2024,TN,Shelby,64
2024,TN,Smith,3
2024,TN,Stewart,-16
2024,TN,Sullivan,-29
2024,TN,Sumner,97
2024,TN,Unicoi,-6
2024,TN,Van Buren,-10
2024,TN,Warren,3
2024,TN,Washington,39
2024,TN,Weakley,10
2024,TN,White,2
2024,TN,Williamson,186
2024,TN,Wilson,59
2024,TX,Anderson,-7
2024,TX,Angelina,11
2024,TX,Aransas,-8
2024,TX,Austin,1
2024,TX,Bandera,3
2024,TX,Bastrop,29
2024,TX,Bell,50
2024,TX,Bexar,177
2024,TX,Blanco,15
2024,TX,Bowie,3
2024,TX,Brazoria,89
2024,TX,Brazos,-4
2024,TX,Burnet,133
2024,TX,Calhoun,0.00E+00
2024,TX,Cameron,-4
2024,TX,Collin,277
2024,TX,Colorado,-9
2024,TX,Comal,68
2024,TX,Coryell,3
2024,TX,Crockett,0.00E+00
2024,TX,Culberson,-9
2024,TX,Dallas,351
2024,TX,Denton,152
2024,TX,DeWitt,0.00E+00
2024,TX,Dickens,0.00E+00
2024,TX,Eastland,-9
2024,TX,Ellis,69
2024,TX,El Paso,243
2024,TX,Fayette,-15
2024,TX,Fort Bend,255
2024,TX,Galveston,22
2024,TX,Gillespie,-6
2024,TX,Gonzales,-9
2024,TX,Grayson,61
2024,TX,Gregg,47
2024,TX,Grimes,1
2024,TX,Guadalupe,90
2024,TX,Hamilton,-7
2024,TX,Hardin,-8
2024,TX,Harris,202
2024,TX,Harrison,11
2024,TX,Hays,39
2024,TX,Henderson,2
2024,TX,Hidalgo,155
2024,TX,Hill,-17
2024,TX,Hood,-32
2024,TX,Hopkins,-17
2024,TX,Hunt,-32
2024,TX,Jackson,0.00E+00
2024,TX,Jasper,9
2024,TX,Jefferson,10
2024,TX,Johnson,-50
2024,TX,Kaufman,150
2024,TX,Kendall,71
2024,TX,Kerr,8
2024,TX,Kleberg,40
2024,TX,Lampasas,37
2024,TX,Lee,-8
2024,TX,Leon,1
2024,TX,Llano,3
2024,TX,Lubbock,71
2024,TX,McLennan,0
2024,TX,Matagorda,-15
2024,TX,Maverick,-33
2024,TX,Midland,13
2024,TX,Montgomery,58
2024,TX,Moore,0.00E+00
2024,TX,Nacogdoches,11
2024,TX,Navarro,11
2024,TX,Nolan,10
2024,TX,Nueces,-5
2024,TX,Ochiltree,0.00E+00
2024,TX,Orange,11
2024,TX,Parker,21
2024,TX,Pecos,0.00E+00
2024,TX,Polk,-26
2024,TX,Potter,12
2024,TX,Presidio,0.00E+00
2024,TX,Randall,10
2024,TX,Real,-9
2024,TX,Reeves,0.00E+00
2024,TX,Rockwall,23
2024,TX,Runnels,0.00E+00
2024,TX,San Patricio,13
2024,TX,Smith,60
2024,TX,Tarrant,-385
2024,TX,Taylor,8
2024,TX,Titus,0.00E+00
2024,TX,Tom Green,130
2024,TX,Travis,195
2024,TX,Uvalde,0.00E+00
2024,TX,Val Verde,12
2024,TX,Van Zandt,2
2024,TX,Victoria,2
2024,TX,Walker,0.00E+00
2024,TX,Waller,-7
2024,TX,Washington,-16
2024,TX,Webb,5
2024,TX,Wharton,2
2024,TX,Wheeler,0.00E+00
2024,TX,Wichita,46
2024,TX,Williamson,171
2024,TX,Wilson,-16
2024,VA,Accomack,10
2024,VA,Albemarle,189
2024,VA,Alleghany,1
2024,VA,Arlington,252
2024,VA,Augusta,12
2024,VA,Bath,0.00E+00
2024,VA,Bedford,42
2024,VA,Botetourt,9
2024,VA,Campbell,14
2024,VA,Caroline,7
2024,VA,Chesterfield,136
2024,VA,Clarke,17
2024,VA,Culpeper,33
2024,VA,Essex,0.00E+00
2024,VA,Fairfax,1062
2024,VA,Fauquier,76
2024,VA,Floyd,22
2024,VA,Fluvanna,24
2024,VA,Franklin,15
2024,VA,Frederick,79
2024,VA,Giles,2
2024,VA,Goochland,12
2024,VA,Halifax,6
2024,VA,Hanover,49
2024,VA,Henrico,159
2024,VA,Henry,7
2024,VA,Isle of Wight,21
2024,VA,James City,40
2024,VA,King George,18
2024,VA,Lancaster,12
2024,VA,Loudoun,514
2024,VA,Louisa,27
2024,VA,Madison,-1
2024,VA,Mecklenburg,7
2024,VA,Middlesex,13
2024,VA,Montgomery,74
2024,VA,Nelson,21
2024,VA,New Kent,11
2024,VA,Northumberland,8
2024,VA,Nottoway,15
2024,VA,Orange,24
2024,VA,Page,7
2024,VA,Patrick,-1
2024,VA,Powhatan,10
2024,VA,Prince Edward,3
2024,VA,Prince George,9
2024,VA,Prince William,325
2024,VA,Rappahannock,11
2024,VA,Roanoke,28
2024,VA,Rockbridge,9
2024,VA,Rockingham,75
2024,VA,Shenandoah,23
2024,VA,Smyth,5
2024,VA,Spotsylvania,73
2024,VA,Stafford,109
2024,VA,Sussex,5
2024,VA,Warren,47
2024,VA,Washington,16
2024,VA,Westmoreland,16
2024,VA,Wythe,1
2024,VA,York,55
2024,MT,Beaverhead,0.00E+00
2024,MT,Carbon,0.00E+00
2024,MT,Cascade,43
2024,MT,Custer,0.00E+00
2024,MT,Dawson,0.00E+00
2024,MT,Flathead,221
2024,MT,Gallatin,220
2024,MT,Granite,3
2024,MT,Lake,18
2024,MT,Lewis and Clark,80
2024,MT,Madison,13
2024,MT,Mineral,1
2024,MT,Missoula,190
2024,MT,Park,45
2024,MT,Silver Bow,45
2024,MT,Yellowstone,123
2024,OR,Baker,-3
2024,OR,Benton,320
2024,OR,Clackamas,1153
2024,OR,Clatsop,34
2024,OR,Columbia,162
2024,OR,Coos,124
2024,OR,Crook,20
2024,OR,Curry,47
2024,OR,Deschutes,241
2024,OR,Douglas,120
2024,OR,Gilliam,11
2024,OR,Grant,-9
2024,OR,Harney,3
2024,OR,Hood River,159
2024,OR,Jackson,791
2024,OR,Jefferson,18
2024,OR,Josephine,116
2024,OR,Klamath,29
2024,OR,Lake,1
2024,OR,Lane,1009
2024,OR,Lincoln,177
2024,OR,Linn,216
2024,OR,Malheur,3
2024,OR,Marion,723
2024,OR,Morrow,9
2024,OR,Multnomah,2039
2024,OR,Polk,138
2024,OR,Tillamook,33
2024,OR,Umatilla,5
2024,OR,Union,12
2024,OR,Wallowa,1
2024,OR,Wasco,-16
2024,OR,Washington,1749
2024,OR,Wheeler,0.00E+00
2024,OR,Yamhill,311
2024,WA,Adams,4
2024,WA,Asotin,4
2024,WA,Benton,215
2024,WA,Chelan,93
2024,WA,Clallam,174
2024,WA,Clark,743
2024,WA,Columbia,5
2024,WA,Cowlitz,102
2024,WA,Douglas,29
2024,WA,Ferry,0
2024,WA,Franklin,62
2024,WA,Grant,59
2024,WA,Grays Harbor,71
2024,WA,Island,249
2024,WA,Jefferson,129
2024,WA,King,4951
2024,WA,Kitsap,493
2024,WA,Kittitas,44
2024,WA,Klickitat,46
2024,WA,Lewis,105
2024,WA,Lincoln,7
2024,WA,Mason,105
2024,WA,Okanogan,34
2024,WA,Pacific,24
2024,WA,Pend Oreille,0
2024,WA,Pierce,1107
2024,WA,San Juan,114
2024,WA,Skagit,217
2024,WA,Skamania,14
2024,WA,Snohomish,1155
2024,WA,Spokane,363
2024,WA,Stevens,48
2024,WA,Thurston,886
2024,WA,Wahkiakum,3
2024,WA,Walla Walla,55
2024,WA,Whatcom,368
2024,WA,Whitman,44
2024,WA,Yakima,87
2024,CA,Alameda,9524
2024,CA,Alpine,1
2024,CA,Amador,88
2024,CA,Butte,206
2024,CA,Calaveras,95
2024,CA,Colusa,20
2024,CA,Contra Costa,4811
2024,CA,Del Norte,48
2024,CA,El Dorado,607
2024,CA,Fresno,1304
2024,CA,Glenn,12
2024,CA,Humboldt,602
2024,CA,Imperial,57
2024,CA,Inyo,13
2024,CA,Kern,737
2024,CA,Kings,91
2024,CA,Lake,130
2024,CA,Lassen,1
2024,CA,Los Angeles,29387
2024,CA,Madera,195
2024,CA,Marin,1836
2024,CA,Mariposa,31
2024,CA,Mendocino,355
2024,CA,Merced,323
2024,CA,Modoc,0
2024,CA,Mono,15
2024,CA,Monterey,777
2024,CA,Napa,454
2024,CA,Nevada,324
2024,CA,Orange,11001
2024,CA,Placer,1297
2024,CA,Plumas,10
2024,CA,Riverside,5217
2024,CA,Sacramento,3752
2024,CA,San Benito,255
2024,CA,San Bernardino,3717
2024,CA,San Diego,9291
2024,CA,San Francisco,2412
2024,CA,San Joaquin,1554
2024,CA,San Luis Obispo,962
2024,CA,San Mateo,3952
2024,CA,Santa Barbara,1190
2024,CA,Santa Clara,15009
2024,CA,Santa Cruz,1477
2024,CA,Shasta,180
2024,CA,Sierra,4
2024,CA,Siskiyou,19
2024,CA,Solano,1406
2024,CA,Sonoma,3400
2024,CA,Stanislaus,789
2024,CA,Sutter,94
2024,CA,Tehama,36
2024,CA,Trinity,16
2024,CA,Tulare,379
2024,CA,Tuolumne,77
2024,CA,Ventura,3296
2024,CA,Yolo,763
2024,CA,Yuba,95
2024,CO,Adams,340
2024,CO,Alamosa,4
2024,CO,Arapahoe,542
2024,CO,Archuleta,3
2024,CO,Boulder,838
2024,CO,Broomfield,147
2024,CO,Chaffee,11
2024,CO,Clear Creek,13
2024,CO,Custer,6
2024,CO,Delta,30
2024,CO,Denver,734
2024,CO,Dolores,0.00E+00
2024,CO,Douglas,392
2024,CO,Eagle,69
2024,CO,El Paso,623
2024,CO,Fremont,25
2024,CO,Garfield,117
2024,CO,Gilpin,17
2024,CO,Grand,19
2024,CO,Gunnison,15
2024,CO,Hinsdale,-1
2024,CO,Huerfano,1
2024,CO,Jefferson,883
2024,CO,Kit Carson,2
2024,CO,Lake,6
2024,CO,La Plata,71
2024,CO,Larimer,613
2024,CO,Las Animas,0
2024,CO,Lincoln,2
2024,CO,Mesa,125
2024,CO,Mineral,0.00E+00
2024,CO,Moffat,3
2024,CO,Montezuma,16
2024,CO,Montrose,36
2024,CO,Morgan,9
2024,CO,Otero,6
2024,CO,Ouray,9
2024,CO,Park,22
2024,CO,Pitkin,61
2024,CO,Pueblo,86
2024,CO,Rio Blanco,0
2024,CO,Rio Grande,3
2024,CO,Routt,20
2024,CO,Saguache,6
2024,CO,San Miguel,3
2024,CO,Summit,26
2024,CO,Teller,17
2024,CO,Washington,0.00E+00
2024,CO,Weld,330
2025,NJ,Atlantic,79
2025,NJ,Bergen,317
2025,NJ,Burlington,245
2025,NJ,Camden,145
2025,NJ,Cape May,33
2025,NJ,Cumberland,14
2025,NJ,Essex,354
2025,NJ,Gloucester,118
2025,NJ,Hudson,96
2025,NJ,Hunterdon,121
2025,NJ,Mercer,387
2025,NJ,Middlesex,319
2025,NJ,Monmouth,457
2025,NJ,Morris,310
2025,NJ,Ocean,564
2025,NJ,Passaic,132
2025,NJ,Salem,29
2025,NJ,Somerset,295
2025,NJ,Sussex,119
2025,NJ,Union,227
2025,NJ,Warren,47
2025,NY,Albany,277
2025,NY,Allegany,17
2025,NY,Bronx,55
2025,NY,Broome,132
2025,NY,Cattaraugus,27
2025,NY,Cayuga,38
2025,NY,Chautauqua,64
2025,NY,Chemung,52
2025,NY,Chenango,30
2025,NY,Clinton,33
2025,NY,Columbia,62
2025,NY,Cortland,42
2025,NY,Delaware,14
2025,NY,Dutchess,240
2025,NY,Erie,723
2025,NY,Essex,46
2025,NY,Franklin,17
2025,NY,Fulton,22
2025,NY,Genesee,34
2025,NY,Greene,31
2025,NY,Hamilton,2
2025,NY,Herkimer,13
2025,NY,Jefferson,22
2025,NY,Kings,221
2025,NY,Lewis,0.00E+00
2025,NY,Livingston,75
2025,NY,Madison,43
2025,NY,Monroe,1373
2025,NY,Montgomery,26
2025,NY,Nassau,463
2025,NY,New York,428
2025,NY,Niagara,221
2025,NY,Oneida,110
2025,NY,Onondaga,306
2025,NY,Ontario,155
2025,NY,Orange,152
2025,NY,Orleans,28
2025,NY,Oswego,57
2025,NY,Otsego,37
2025,NY,Putnam,54
2025,NY,Queens,566
2025,NY,Rensselaer,145
2025,NY,Richmond,61
2025,NY,Rockland,131
2025,NY,St. Lawrence,44
2025,NY,Saratoga,194
2025,NY,Schenectady,157
2025,NY,Schoharie,39
2025,NY,Schuyler,23
2025,NY,Seneca,17
2025,NY,Steuben,53
2025,NY,Suffolk,824
2025,NY,Sullivan,36
2025,NY,Tioga,38
2025,NY,Tompkins,364
2025,NY,Ulster,245
2025,NY,Warren,54
2025,NY,Washington,48
2025,NY,Wayne,111
2025,NY,Westchester,588
2025,NY,Wyoming,10
2025,NY,Yates,29
2025,VT,Addison,56
2025,VT,Bennington,40
2025,VT,Caledonia,39
2025,VT,Chittenden,320
2025,VT,Franklin,18
2025,VT,Lamoille,11
2025,VT,Orange,57
2025,VT,Orleans,24
2025,VT,Rutland,100
2025,VT,Washington,176
2025,VT,Windham,140
2025,VT,Windsor,192
2025,MN,Anoka,543
2025,MN,Becker,13
2025,MN,Beltrami,34
2025,MN,Blue Earth,58
2025,MN,Brown,22
2025,MN,Carlton,14
2025,MN,Carver,103
2025,MN,Cass,20
2025,MN,Chippewa,9
2025,MN,Chisago,56
2025,MN,Clay,40
2025,MN,Cook,17
2025,MN,Crow Wing,40
2025,MN,Dakota,594
2025,MN,Douglas,40
2025,MN,Fillmore,13
2025,MN,Freeborn,23
2025,MN,Goodhue,44
2025,MN,Hennepin,2103
2025,MN,Hubbard,19
2025,MN,Isanti,20
2025,MN,Itasca,19
2025,MN,Kanabec,8
2025,MN,Kandiyohi,26
2025,MN,Lake,22
2025,MN,Lyon,8
2025,MN,McLeod,31
2025,MN,Martin,1
2025,MN,Morrison,36
2025,MN,Mower,22
2025,MN,Nicollet,29
2025,MN,Nobles,-2
2025,MN,Olmsted,223
2025,MN,Otter Tail,54
2025,MN,Pine,15
2025,MN,Pipestone,0.00E+00
2025,MN,Ramsey,1356
2025,MN,Redwood,10
2025,MN,Renville,-2
2025,MN,Rice,105
2025,MN,Rock,1
2025,MN,St. Louis,151
2025,MN,Scott,178
2025,MN,Sherburne,115
2025,MN,Stearns,211
2025,MN,Steele,42
2025,MN,Stevens,22
2025,MN,Todd,18
2025,MN,Wadena,13
2025,MN,Washington,497
2025,MN,Winona,39
2025,MN,Wright,137
2025,WI,Barron,28
2025,WI,Bayfield,13
2025,WI,Brown,101
2025,WI,Calumet,10
2025,WI,Chippewa,32
2025,WI,Dane,697
2025,WI,Dodge,62
2025,WI,Door,17
2025,WI,Dunn,-5
2025,WI,Eau Claire,65
2025,WI,Florence,1
2025,WI,Fond du Lac,39
2025,WI,Grant,30
2025,WI,Green,6
2025,WI,Green Lake,-3
2025,WI,Jefferson,3
2025,WI,Juneau,22
2025,WI,Kenosha,84
2025,WI,La Crosse,77
2025,WI,Manitowoc,29
2025,WI,Marathon,21
2025,WI,Marinette,35
2025,WI,Milwaukee,159
2025,WI,Monroe,24
2025,WI,Oneida,-1
2025,WI,Outagamie,113
2025,WI,Ozaukee,4
2025,WI,Pierce,44
2025,WI,Polk,2
2025,WI,Portage,25
2025,WI,Price,13
2025,WI,Racine,49
2025,WI,Richland,-4
2025,WI,Rock,133
2025,WI,Rusk,9
2025,WI,St. Croix,51
2025,WI,Sauk,39
2025,WI,Sawyer,1
2025,WI,Sheboygan,61
2025,WI,Vernon,82
2025,WI,Walworth,58
2025,WI,Washington,59
2025,WI,Waukesha,170
2025,WI,Winnebago,61
2025,WI,Wood,53
2025,FL,Alachua,258
2025,FL,Bay,89
2025,FL,Brevard,766
2025,FL,Broward,1127
2025,FL,Charlotte,167
2025,FL,Citrus,119
2025,FL,Clay,147
2025,FL,Collier,218
2025,FL,Columbia,26
2025,FL,Duval,574
2025,FL,Escambia,150
2025,FL,Flagler,117
2025,FL,Franklin,14
2025,FL,Hamilton,12
2025,FL,Hendry,17
2025,FL,Hernando,131
2025,FL,Highlands,63
2025,FL,Hillsborough,1173
2025,FL,Indian River,92
2025,FL,Jackson,5
2025,FL,Jefferson,8
2025,FL,Lake,435
2025,FL,Lee,542
2025,FL,Leon,387
2025,FL,Manatee,381
2025,FL,Marion,245
2025,FL,Martin,82
2025,FL,Miami-Dade,954
2025,FL,Monroe,71
2025,FL,Nassau,40
2025,FL,Okaloosa,75
2025,FL,Okeechobee,10
2025,FL,Orange,1328
2025,FL,Osceola,422
2025,FL,Palm Beach,1032
2025,FL,Pasco,567
2025,FL,Pinellas,1654
2025,FL,Polk,383
2025,FL,Putnam,26
2025,FL,St. Johns,277
2025,FL,St. Lucie,201
2025,FL,Santa Rosa,119
2025,FL,Sarasota,526
2025,FL,Seminole,496
2025,FL,Sumter,109
2025,FL,Suwannee,-1
2025,FL,Taylor,-11
2025,FL,Volusia,336
2025,FL,Wakulla,25
2025,FL,Walton,46
2025,FL,Washington,-11
2025,TN,Anderson,-20
2025,TN,Bedford,70
2025,TN,Blount,17
2025,TN,Bradley,11
2025,TN,Carter,-6
2025,TN,Cheatham,22
2025,TN,Cocke,16
2025,TN,Coffee,-9
2025,TN,Cumberland,80
2025,TN,Davidson,422
2025,TN,DeKalb,15
2025,TN,Dickson,16
2025,TN,Dyer,10
2025,TN,Fentress,12
2025,TN,Franklin,-16
2025,TN,Greene,-13
2025,TN,Hamblen,-5
2025,TN,Hamilton,156
2025,TN,Hardin,3
2025,TN,Hawkins,-10
2025,TN,Henry,1
2025,TN,Jackson,-9
2025,TN,Jefferson,67
2025,TN,Knox,284
2025,TN,Lawrence,16
2025,TN,Loudon,24
2025,TN,McMinn,91
2025,TN,Macon,13
2025,TN,Madison,20
2025,TN,Marshall,-14
2025,TN,Maury,3
2025,TN,Montgomery,129
2025,TN,Overton,-11
2025,TN,Perry,1
2025,TN,Polk,2
2025,TN,Putnam,28
2025,TN,Rhea,0.00E+00
2025,TN,Roane,9
2025,TN,Rutherford,69
2025,TN,Scott,1
2025,TN,Sevier,41
2025,TN,Shelby,60
2025,TN,Smith,3
2025,TN,Stewart,-20
2025,TN,Sullivan,-52
2025,TN,Sumner,108
2025,TN,Unicoi,-8
2025,TN,Van Buren,-11
2025,TN,Warren,3
2025,TN,Washington,41
2025,TN,Weakley,11
2025,TN,White,2
2025,TN,Williamson,204
2025,TN,Wilson,61
2025,TX,Anderson,-9
2025,TX,Angelina,13
2025,TX,Aransas,-10
2025,TX,Austin,1
2025,TX,Bandera,3
2025,TX,Bastrop,31
2025,TX,Bell,51
2025,TX,Bexar,173
2025,TX,Blanco,17
2025,TX,Bowie,3
2025,TX,Brazoria,100
2025,TX,Brazos,-6
2025,TX,Burnet,158
2025,TX,Calhoun,0.00E+00
2025,TX,Cameron,-7
2025,TX,Collin,296
2025,TX,Colorado,-10
2025,TX,Comal,77
2025,TX,Coryell,3
2025,TX,Crockett,0.00E+00
2025,TX,Culberson,-11
2025,TX,Dallas,362
2025,TX,Denton,154
2025,TX,DeWitt,0.00E+00
2025,TX,Dickens,0.00E+00
2025,TX,Eastland,-11
2025,TX,Ellis,80
2025,TX,El Paso,264
2025,TX,Fayette,-19
2025,TX,Fort Bend,305
2025,TX,Galveston,20
2025,TX,Gillespie,-7
2025,TX,Gonzales,-11
2025,TX,Grayson,69
2025,TX,Gregg,51
2025,TX,Grimes,1
2025,TX,Guadalupe,100
2025,TX,Hamilton,-9
2025,TX,Hardin,-10
2025,TX,Harris,177
2025,TX,Harrison,13
2025,TX,Hays,35
2025,TX,Henderson,2
2025,TX,Hidalgo,180
2025,TX,Hill,-21
2025,TX,Hood,-38
2025,TX,Hopkins,-21
2025,TX,Hunt,-38
2025,TX,Jackson,0.00E+00
2025,TX,Jasper,11
2025,TX,Jefferson,10
2025,TX,Johnson,-61
2025,TX,Kaufman,176
2025,TX,Kendall,81
2025,TX,Kerr,8
2025,TX,Kleberg,49
2025,TX,Lampasas,41
2025,TX,Lee,-10
2025,TX,Leon,1
2025,TX,Llano,3
2025,TX,Lubbock,82
2025,TX,McLennan,-4
2025,TX,Matagorda,-19
2025,TX,Maverick,-40
2025,TX,Midland,15
2025,TX,Montgomery,58
2025,TX,Moore,0.00E+00
2025,TX,Nacogdoches,12
2025,TX,Navarro,12
2025,TX,Nolan,11
2025,TX,Nueces,-9
2025,TX,Ochiltree,0.00E+00
2025,TX,Orange,12
2025,TX,Parker,22
2025,TX,Pecos,0.00E+00
2025,TX,Polk,-30
2025,TX,Potter,14
2025,TX,Presidio,0.00E+00
2025,TX,Randall,10
2025,TX,Real,-11
2025,TX,Reeves,0.00E+00
2025,TX,Rockwall,25
2025,TX,Runnels,0.00E+00
2025,TX,San Patricio,15
2025,TX,Smith,69
2025,TX,Tarrant,-480
2025,TX,Taylor,8
2025,TX,Titus,0.00E+00
2025,TX,Tom Green,156
2025,TX,Travis,139
2025,TX,Uvalde,0.00E+00
2025,TX,Val Verde,13
2025,TX,Van Zandt,2
2025,TX,Victoria,2
2025,TX,Walker,0.00E+00
2025,TX,Waller,-9
2025,TX,Washington,-20
2025,TX,Webb,5
2025,TX,Wharton,2
2025,TX,Wheeler,0.00E+00
2025,TX,Wichita,55
2025,TX,Williamson,165
2025,TX,Wilson,-20
2025,VA,Accomack,11
2025,VA,Albemarle,207
2025,VA,Alleghany,1
2025,VA,Arlington,270
2025,VA,Augusta,13
2025,VA,Bath,0.00E+00
2025,VA,Bedford,45
2025,VA,Botetourt,9
2025,VA,Campbell,15
2025,VA,Caroline,7
2025,VA,Chesterfield,147
2025,VA,Clarke,18
2025,VA,Culpeper,36
2025,VA,Essex,0.00E+00
2025,VA,Fairfax,1125
2025,VA,Fauquier,81
2025,VA,Floyd,24
2025,VA,Fluvanna,27
2025,VA,Franklin,16
2025,VA,Frederick,88
2025,VA,Giles,2
2025,VA,Goochland,13
2025,VA,Halifax,7
2025,VA,Hanover,54
2025,VA,Henrico,174
2025,VA,Henry,7
2025,VA,Isle of Wight,23
2025,VA,James City,43
2025,VA,King George,19
2025,VA,Lancaster,13
2025,VA,Loudoun,543
2025,VA,Louisa,29
2025,VA,Madison,-2
2025,VA,Mecklenburg,8
2025,VA,Middlesex,14
2025,VA,Montgomery,80
2025,VA,Nelson,24
2025,VA,New Kent,12
2025,VA,Northumberland,9
2025,VA,Nottoway,17
2025,VA,Orange,25
2025,VA,Page,7
2025,VA,Patrick,-2
2025,VA,Powhatan,11
2025,VA,Prince Edward,3
2025,VA,Prince George,10
2025,VA,Prince William,351
2025,VA,Rappahannock,12
2025,VA,Roanoke,29
2025,VA,Rockbridge,10
2025,VA,Rockingham,81
2025,VA,Shenandoah,26
2025,VA,Smyth,5
2025,VA,Spotsylvania,79
2025,VA,Stafford,117
2025,VA,Sussex,6
2025,VA,Warren,51
2025,VA,Washington,18
2025,VA,Westmoreland,17
2025,VA,Wythe,1
2025,VA,York,61
2025,MT,Beaverhead,0.00E+00
2025,MT,Carbon,0.00E+00
2025,MT,Cascade,52
2025,MT,Custer,0.00E+00
2025,MT,Dawson,0.00E+00
2025,MT,Flathead,248
2025,MT,Gallatin,278
2025,MT,Granite,3
2025,MT,Lake,20
2025,MT,Lewis and Clark,95
2025,MT,Madison,15
2025,MT,Mineral,1
2025,MT,Missoula,210
2025,MT,Park,52
2025,MT,Silver Bow,51
2025,MT,Yellowstone,140
2025,OR,Baker,-5
2025,OR,Benton,353
2025,OR,Clackamas,1219
2025,OR,Clatsop,31
2025,OR,Columbia,173
2025,OR,Coos,137
2025,OR,Crook,21
2025,OR,Curry,49
2025,OR,Deschutes,257
2025,OR,Douglas,131
2025,OR,Gilliam,13
2025,OR,Grant,-11
2025,OR,Harney,3
2025,OR,Hood River,177
2025,OR,Jackson,825
2025,OR,Jefferson,19
2025,OR,Josephine,127
2025,OR,Klamath,30
2025,OR,Lake,1
2025,OR,Lane,1082
2025,OR,Lincoln,197
2025,OR,Linn,228
2025,OR,Malheur,3
2025,OR,Marion,790
2025,OR,Morrow,11
2025,OR,Multnomah,2167
2025,OR,Polk,149
2025,OR,Tillamook,34
2025,OR,Umatilla,3
2025,OR,Union,12
2025,OR,Wallowa,1
2025,OR,Wasco,-22
2025,OR,Washington,1868
2025,OR,Wheeler,0.00E+00
2025,OR,Yamhill,338
2025,WA,Adams,4
2025,WA,Asotin,4
2025,WA,Benton,232
2025,WA,Chelan,100
2025,WA,Clallam,188
2025,WA,Clark,791
2025,WA,Columbia,5
2025,WA,Cowlitz,108
2025,WA,Douglas,30
2025,WA,Ferry,0
2025,WA,Franklin,66
2025,WA,Grant,62
2025,WA,Grays Harbor,75
2025,WA,Island,269
2025,WA,Jefferson,140
2025,WA,King,5309
2025,WA,Kitsap,531
2025,WA,Kittitas,46
2025,WA,Klickitat,50
2025,WA,Lewis,113
2025,WA,Lincoln,7
2025,WA,Mason,113
2025,WA,Okanogan,37
2025,WA,Pacific,26
2025,WA,Pend Oreille,0
2025,WA,Pierce,1195
2025,WA,San Juan,123
2025,WA,Skagit,233
2025,WA,Skamania,14
2025,WA,Snohomish,1235
2025,WA,Spokane,393
2025,WA,Stevens,52
2025,WA,Thurston,944
2025,WA,Wahkiakum,4
2025,WA,Walla Walla,56
2025,WA,Whatcom,397
2025,WA,Whitman,47
2025,WA,Yakima,93
2025,CA,Alameda,10204
2025,CA,Alpine,1
2025,CA,Amador,94
2025,CA,Butte,223
2025,CA,Calaveras,103
2025,CA,Colusa,22
2025,CA,Contra Costa,5199
2025,CA,Del Norte,52
2025,CA,El Dorado,649
2025,CA,Fresno,1399
2025,CA,Glenn,14
2025,CA,Humboldt,645
2025,CA,Imperial,60
2025,CA,Inyo,14
2025,CA,Kern,782
2025,CA,Kings,99
2025,CA,Lake,139
2025,CA,Lassen,1
2025,CA,Los Angeles,31726
2025,CA,Madera,205
2025,CA,Marin,1956
2025,CA,Mariposa,33
2025,CA,Mendocino,374
2025,CA,Merced,343
2025,CA,Modoc,0
2025,CA,Mono,16
2025,CA,Monterey,835
2025,CA,Napa,488
2025,CA,Nevada,341
2025,CA,Orange,11730
2025,CA,Placer,1393
2025,CA,Plumas,11
2025,CA,Riverside,5640
2025,CA,Sacramento,4018
2025,CA,San Benito,270
2025,CA,San Bernardino,3989
2025,CA,San Diego,9976
2025,CA,San Francisco,2582
2025,CA,San Joaquin,1669
2025,CA,San Luis Obispo,1029
2025,CA,San Mateo,4234
2025,CA,Santa Barbara,1277
2025,CA,Santa Clara,16065
2025,CA,Santa Cruz,1578
2025,CA,Shasta,192
2025,CA,Sierra,4
2025,CA,Siskiyou,21
2025,CA,Solano,1484
2025,CA,Sonoma,3658
2025,CA,Stanislaus,845
2025,CA,Sutter,102
2025,CA,Tehama,39
2025,CA,Trinity,18
2025,CA,Tulare,400
2025,CA,Tuolumne,84
2025,CA,Ventura,3505
2025,CA,Yolo,809
2025,CA,Yuba,102
2025,CO,Adams,365
2025,CO,Alamosa,5
2025,CO,Arapahoe,572
2025,CO,Archuleta,3
2025,CO,Boulder,904
2025,CO,Broomfield,156
2025,CO,Chaffee,12
2025,CO,Clear Creek,14
2025,CO,Custer,6
2025,CO,Delta,32
2025,CO,Denver,788
2025,CO,Dolores,0.00E+00
2025,CO,Douglas,418
2025,CO,Eagle,74
2025,CO,El Paso,667
2025,CO,Fremont,26
2025,CO,Garfield,126
2025,CO,Gilpin,17
2025,CO,Grand,20
2025,CO,Gunnison,16
2025,CO,Hinsdale,-1
2025,CO,Huerfano,1
2025,CO,Jefferson,953
2025,CO,Kit Carson,2
2025,CO,Lake,7
2025,CO,La Plata,75
2025,CO,Larimer,651
2025,CO,Las Animas,0
2025,CO,Lincoln,2
2025,CO,Mesa,134
2025,CO,Mineral,0.00E+00
2025,CO,Moffat,3
2025,CO,Montezuma,18
2025,CO,Montrose,38
2025,CO,Morgan,9
2025,CO,Otero,6
2025,CO,Ouray,9
2025,CO,Park,22
2025,CO,Pitkin,65
2025,CO,Pueblo,92
2025,CO,Rio Blanco,0
2025,CO,Rio Grande,4
2025,CO,Routt,22
2025,CO,Saguache,6
2025,CO,San Miguel,3
2025,CO,Summit,27
2025,CO,Teller,18
2025,CO,Washington,0.00E+00
2025,CO,Weld,351